"unit_name","type","pre_mspe","post_mspe","mspe_ratio","rank","fishers_exact_pvalue","z_score","Treatment"
"BCH","Donor",196.562167643582,21504.8171252546,109.404660027195,1,0.111111111111111,1.91950535960226,0
"BSV","Donor",312.298630913934,27060.9000565777,86.6507162627792,2,0.222222222222222,1.3512615000157,0
"XMR","Donor",94.8456227183453,4337.38498286769,45.7309980002771,3,0.333333333333333,0.329356072129293,0
"DASH","Donor",88.8043312748329,1996.19630471791,22.4785917090018,4,0.444444444444444,-0.251336102925318,0
"ZEC","Donor",82.4328962303822,1030.85459185866,12.5053787868577,5,0.555555555555556,-0.500401366601517,0
"BTC","Donor",376.131379794017,4069.18849792941,10.8185296854462,6,0.666666666666667,-0.542527762528769,0
"ETH","Treated",14.7059359603396,38.1666262290589,2.59532112284388,7,0.777777777777778,-0.747889427309972,-3.775
"LTC","Donor",24.6688052502872,44.065774885201,1.78629546255338,8,0.888888888888889,-0.768093567237003,0
"XRP","Donor",52.8652595428973,48.3253365566765,0.914122752342928,9,1,-0.78987470514467,0
