"unit_name","type","pre_mspe","post_mspe","mspe_ratio","rank","fishers_exact_pvalue","z_score","Treatment"
"DASH","Donor",810.83799646999,3274.37313286117,4.03825813185403,1,0.111111111111111,2.52983927140799,0
"LTC","Donor",3316.27638761882,4213.80291541565,1.27064286051299,2,0.222222222222222,0.200070392619939,0
"ZEC","Donor",957.390039306875,929.80185493945,0.971183965536765,3,0.333333333333333,-0.0520130603138217,0
"ETH","Treated",355.755914922614,306.7628170779,0.862284516463004,4,0.444444444444444,-0.143684236577522,-14.656
"XRP","Donor",7508.43025985399,5728.19178847778,0.76290137754961,5,0.555555555555556,-0.227344616152065,0
"BSV","Donor",16914.0584200236,11766.6295463181,0.695671568237473,6,0.666666666666667,-0.283938435056083,0
"BCH","Donor",13910.2459794519,5764.80243259349,0.414428504076004,7,0.777777777777778,-0.520687865167765,0
"XMR","Donor",1917.69912235545,380.79036524543,0.198566271844416,8,0.888888888888889,-0.70239993908445,0
"BTC","Donor",4233.1371550795,350.554401026869,0.0828119638425195,9,1,-0.799841511676219,0
