"unit_name","type","pre_mspe","post_mspe","mspe_ratio","rank","fishers_exact_pvalue","z_score","Treatment"
"XRP","Donor",319.42195142212,1512.23842280657,4.73429711412703,1,0.111111111111111,2.62191046862092,0
"BSV","Donor",224.295978807257,235.431857314263,1.04964814155931,2,0.222222222222222,0.0251148805161873,0
"LTC","Donor",78.8148657948734,62.5780558626076,0.79398797715999,3,0.333333333333333,-0.15506434195765,0
"ZEC","Donor",68.0199887957061,44.0042060693577,0.646930510405134,4,0.444444444444444,-0.258704657143698,0
"DASH","Donor",137.614702720644,70.8052930109269,0.514518373481218,5,0.555555555555556,-0.352023520225499,0
"XMR","Donor",273.843909112191,126.095422013253,0.460464585179409,6,0.666666666666667,-0.390118502957237,0
"ETH","Treated",127.91209353889,57.639144999089,0.450615289019286,7,0.777777777777778,-0.397059899276116,-3.317
"BTC","Donor",727.867972460389,203.519387095936,0.279610306808783,8,0.888888888888889,-0.517577480911228,0
"BCH","Donor",666.291917259748,130.61759620307,0.196036591199034,9,1,-0.576476946665677,0
