"unit_name","type","pre_mspe","post_mspe","mspe_ratio","rank","fishers_exact_pvalue","z_score","Treatment"
"ETH","Treated",24.060911129432,108.383457923866,4.50454504157527,1,0.111111111111111,2.63732320714673,-3.663
"BSV","Donor",1591.18559676501,1487.14808997308,0.934616359648153,2,0.222222222222222,-0.132295611690474,0
"LTC","Donor",3637.01629617328,3349.20444886994,0.920865945086316,3,0.333333333333333,-0.142963445793176,0
"DASH","Donor",326.434733343362,273.943238336635,0.839197580266333,4,0.444444444444444,-0.206323322211488,0
"XMR","Donor",1289.44744310798,805.523934279386,0.624704743558852,5,0.555555555555556,-0.372730959444769,0
"BCH","Donor",928.908651703107,574.114749719863,0.618052968574739,6,0.666666666666667,-0.377891533455096,0
"ZEC","Donor",3912.12479611198,2281.84127446643,0.583274152382413,7,0.777777777777778,-0.404873602959954,0
"XRP","Donor",3824.01077866629,2230.10864787615,0.583185764098173,8,0.888888888888889,-0.404942176278137,0
"BTC","Donor",385.168003208025,130.116990454004,0.337818794319033,9,1,-0.595302555313642,0
