"unit_name","type","pre_mspe","post_mspe","mspe_ratio","rank","fishers_exact_pvalue","z_score","Treatment"
"XMR","Donor",39.6758773475673,3050.50307552799,76.8855858890044,1,0.111111111111111,1.60687474815744,0
"BCH","Donor",204.188916612943,14628.8666494988,71.6437840611547,2,0.222222222222222,1.42833794272957,0
"BSV","Donor",473.879392522047,21462.1872518788,45.2904000270075,3,0.333333333333333,0.530736478158239,0
"ETH","Treated",7.44886850895379,222.846471513115,29.9168217622913,4,0.444444444444444,0.00710936642826894,-11.84
"DASH","Donor",89.2230111124587,2442.38135424582,27.3738951845885,5,0.555555555555556,-0.0795032149952701,0
"BTC","Donor",1556.53267323718,12178.1961707616,7.8239258193239,6,0.666666666666667,-0.745379032379798,0
"ZEC","Donor",143.817916793349,847.967005122703,5.89611519920108,7,0.777777777777778,-0.811040642812684,0
"LTC","Donor",26.0711421163612,39.2560446342001,1.50572784494794,8,0.888888888888889,-0.960578103129232,0
"XRP","Donor",40.8426267786967,42.3364452796367,1.03657498595852,9,1,-0.976557542156534,0
