"unit_name","type","pre_mspe","post_mspe","mspe_ratio","rank","fishers_exact_pvalue","z_score","Treatment"
"XRP","Donor",358.052261527643,1653.37863850629,4.6177019842078,1,0.111111111111111,2.39920729403346,0
"LTC","Donor",52.1438545717314,117.48716827345,2.25313546991103,2,0.222222222222222,0.782064164915066,0
"BSV","Donor",280.287934317104,237.961814640064,0.848990575423221,3,0.333333333333333,-0.178240083106031,0
"XMR","Donor",272.534882900609,178.350418546382,0.654413176941555,4,0.444444444444444,-0.311312889954072,0
"ETH","Treated",115.192974804089,57.1256129459195,0.495912298845255,5,0.555555555555556,-0.419712719023331,-2.311
"DASH","Donor",155.815909485546,73.3553015776961,0.470781846474418,6,0.666666666666667,-0.436899606403076,0
"ZEC","Donor",115.108011851167,40.9577899485168,0.355820496678152,7,0.777777777777778,-0.515522455797735,0
"BCH","Donor",665.310986782841,100.775666296647,0.151471519783485,8,0.888888888888889,-0.655278111614363,0
"BTC","Donor",817.603618486199,113.051400572536,0.138271649019671,9,1,-0.66430559304992,0
