"unit_name","type","pre_mspe","post_mspe","mspe_ratio","rank","fishers_exact_pvalue","z_score","Treatment"
"ZEC","Donor",0.00022134448837436,216265.895481419,977055706.558402,1,0.111111111111111,1.76446959651244,0
"BCH","Donor",0.000221344488374361,215955.362230751,975652765.590912,2,0.222222222222222,1.76119168116786,0
"BSV","Donor",0.001223765411273,53954.5232032025,44088942.7877173,3,0.333333333333333,-0.415369856330608,0
"BTC","Donor",576.695219310856,254.787280970147,0.441805779618939,4,0.444444444444444,-0.518381903159923,0
"XRP","Donor",5396.99814084832,2263.47503337457,0.419395184934932,5,0.555555555555556,-0.518381903212284,0
"ETH","Treated",1376.37076802347,352.135270113776,0.255843322377049,6,0.666666666666667,-0.518381903594416,11.761
"LTC","Donor",11589.1610185021,2482.30270508939,0.214191752200732,7,0.777777777777778,-0.518381903691734,0
"DASH","Donor",503.678510162495,78.0573552551003,0.154974559525912,8,0.888888888888889,-0.518381903830092,0
"XMR","Donor",24867.493014743,3522.29341152545,0.141642481187678,9,1,-0.518381903861242,0
