"unit_name","type","pre_mspe","post_mspe","mspe_ratio","rank","fishers_exact_pvalue","z_score","Treatment"
"XMR","Donor",68.4718110937024,118.944856355376,1.73713612149972,1,0.111111111111111,1.75065920590504,0
"BSV","Donor",1640.5942410715,1980.80070395081,1.2073678270729,2,0.222222222222222,0.732949337080295,0
"BCH","Donor",1724.47831116867,2041.96650389165,1.18410680532585,3,0.333333333333333,0.688263817693867,0
"LTC","Donor",835.34225820419,953.428743974753,1.14136299775427,4,0.444444444444444,0.606150948248165,0
"BTC","Donor",7588.60622447454,5158.09687886194,0.679715975013462,5,0.555555555555556,-0.280694746179808,0
"ETH","Treated",354.539484968777,184.10037580321,0.519266213238346,6,0.666666666666667,-0.588926302743205,-10.956
"DASH","Donor",253.703925820263,125.819710441083,0.495931271202401,7,0.777777777777778,-0.633753826489465,0
"XRP","Donor",841.947599659535,313.862370296437,0.372781358867649,8,0.888888888888889,-0.870330613825483,0
"ZEC","Donor",599.735328980485,56.8636785284941,0.0948146220186146,9,1,-1.4043178196894,0
