"unit_name","type","pre_mspe","post_mspe","mspe_ratio","rank","fishers_exact_pvalue","z_score","Treatment"
"BSV","Donor",15.46525419859,865.901645224583,55.9901333728825,1,0.111111111111111,2.62332327864017,0
"BCH","Donor",44.5892109750418,473.391799681093,10.6167341679598,2,0.222222222222222,0.0660060238952133,0
"XMR","Donor",367.644758046825,1817.93310378782,4.94480898747448,3,0.333333333333333,-0.253672739121152,0
"XRP","Donor",2306.08026865698,11300.7617810759,4.90041996138201,4,0.444444444444444,-0.256174575534927,0
"LTC","Donor",292.5822057937,1302.01973844675,4.45009885312303,5,0.555555555555556,-0.281555392500511,0
"DASH","Donor",300.175048891572,476.668726952522,1.58796918235767,6,0.666666666666667,-0.442869592463993,0
"BTC","Donor",563.428105828536,812.806680274121,1.4426093974827,7,0.777777777777778,-0.451062302124733,0
"ETH","Treated",105.642382704681,98.338222679947,0.930859567554885,8,0.888888888888889,-0.479905339964516,-0.009
"ZEC","Donor",576.081860181847,84.6386149931387,0.14692115972272,9,1,-0.524089360825553,0
