"unit_name","type","pre_mspe","post_mspe","mspe_ratio","rank","fishers_exact_pvalue","z_score","Treatment"
"LTC","Donor",84.2864227203986,433.982330270901,5.14889962420805,1,0.111111111111111,1.39152000119955,0
"ETH","Treated",66.0015580584081,310.013701820385,4.69706641691759,2,0.222222222222222,1.16868281360653,-13.253
"DASH","Donor",96.2857305847411,383.892213659083,3.98701044617633,3,0.333333333333333,0.818494131144552,0
"XMR","Donor",136.411612665304,516.176445344708,3.78396263528666,4,0.444444444444444,0.718354074160014,0
"BCH","Donor",26.485291605687,34.1602894586693,1.28978340005644,5,0.555555555555556,-0.511736758394326,0
"XRP","Donor",3207.57503220713,2650.47387446103,0.826317030107709,6,0.666666666666667,-0.740311242865386,0
"BTC","Donor",1392.86255605421,707.525424518016,0.507964997294737,7,0.777777777777778,-0.897317568456148,0
"BSV","Donor",26.6621593454722,9.62922600320994,0.361157019521196,8,0.888888888888889,-0.969721004846879,0
"ZEC","Donor",1363.75219036552,469.733946210829,0.344442303762628,9,1,-0.977964445547911,0
