"unit_name","type","pre_mspe","post_mspe","mspe_ratio","rank","fishers_exact_pvalue","z_score","Treatment"
"XMR","Donor",93.922865583298,230.860394723159,2.45797861137887,1,0.111111111111111,2.14427076677852,0
"LTC","Donor",720.871979751065,1220.01305768622,1.69241292761513,2,0.222222222222222,1.01815677896983,0
"BSV","Donor",1657.18167109031,1791.82510148287,1.08124844290848,3,0.333333333333333,0.119160272626359,0
"BCH","Donor",1762.93477438254,1844.49526364489,1.04626404246346,4,0.444444444444444,0.0676997336657327,0
"ETH","Treated",338.680005292653,224.115737986799,0.6617330060366,5,0.555555555555556,-0.497928778753977,-13.012
"DASH","Donor",248.775531674884,149.029165274502,0.599050735702026,6,0.666666666666667,-0.590131685582744,0
"BTC","Donor",8004.09850228151,4696.24069676527,0.58672949807235,7,0.777777777777778,-0.608255692883698,0
"ZEC","Donor",234.691627190505,116.399685069313,0.495968631104287,8,0.888888888888889,-0.741761000143423,0
"XRP","Donor",841.533356560758,320.432261560477,0.380771907687704,9,1,-0.9112103946766,0
