"unit_name","type","pre_mspe","post_mspe","mspe_ratio","rank","fishers_exact_pvalue","z_score","Treatment"
"BSV","Donor",14.5999496718066,682.824775938326,46.7689814888131,1,0.111111111111111,2.56197256420554,0
"BCH","Donor",23.8666582855857,324.909369489187,13.613525848544,2,0.222222222222222,0.285768473304867,0
"XMR","Donor",253.083366908135,1650.68592095658,6.52230109438898,3,0.333333333333333,-0.201061657157871,0
"BTC","Donor",538.851451248069,2937.12284850585,5.45070973030319,4,0.444444444444444,-0.274629056537641,0
"XRP","Donor",2145.42607064614,11195.8509017209,5.21847434171856,5,0.555555555555556,-0.290572590756673,0
"LTC","Donor",223.179551746863,1163.83077177742,5.21477331891712,6,0.666666666666667,-0.290826675132185,0
"DASH","Donor",289.250585308856,318.482036581922,1.10105926403521,7,0.777777777777778,-0.573243326621212,0
"ETH","Treated",135.982376210634,95.1308975307544,0.699582550193111,8,0.888888888888889,-0.600805696698818,-5.521
"ZEC","Donor",767.517896018585,360.342928987548,0.469491240343433,9,1,-0.616602034606008,0
