"unit_name","type","pre_mspe","post_mspe","mspe_ratio","rank","fishers_exact_pvalue","z_score","Treatment"
"ETH","Treated",30.5282287945812,847.207106690525,27.7515971329757,1,0.111111111111111,2.63725785039725,24.255
"BSV","Donor",0.00035472797155212,0.00127240073854611,3.58697605091218,2,0.222222222222222,-0.0983179027643488,0
"DASH","Donor",123.193011916765,425.575096337256,3.45453926091842,3,0.333333333333333,-0.11331051822077,0
"BTC","Donor",829.063092709092,1972.73431540847,2.37947429183255,4,0.444444444444444,-0.235014129981008,0
"XRP","Donor",2287.03380084558,2043.22829349492,0.893396631365694,5,0.555555555555556,-0.403246770645328,0
"BCH","Donor",72.9363988914417,64.7987025400303,0.888427500190632,6,0.666666666666667,-0.403809305216453,0
"ZEC","Donor",104699.973475476,83787.3515806426,0.800261440374371,7,0.777777777777778,-0.413790216345416,0
"LTC","Donor",12074.8592594431,2376.72379501731,0.196832422138469,8,0.888888888888889,-0.482101893380796,0
"XMR","Donor",13926.9775920227,2056.62776651371,0.147672224854568,9,1,-0.487667113843131,0
