"unit_name","type","pre_mspe","post_mspe","mspe_ratio","rank","fishers_exact_pvalue","z_score","Treatment"
"ZEC","Donor",0.239926391626492,0.168071801553997,0.700514021882363,1,0.111111111111111,0.743628085821483,0
"BCH","Donor",0.239926391626494,0.168071801553998,0.700514021882363,2,0.222222222222222,0.743628085821481,0
"XMR","Donor",9732.68698058039,6658.90808963941,0.684179826488401,3,0.333333333333333,0.679127026277321,0
"BTC","Donor",3263.2767959521,2221.0359492813,0.680615249076132,4,0.444444444444444,0.665051094505165,0
"BSV","Donor",3145.24361425216,2109.77111516693,0.670781463670046,5,0.555555555555556,0.626219088230958,0
"XRP","Donor",3218.07700100068,1740.0321760253,0.540705575250136,6,0.666666666666667,0.112570731401975,0
"DASH","Donor",1888.16839576343,805.333510221193,0.426515723930216,7,0.777777777777778,-0.338346269508125,0
"ETH","Treated",62663.8626546132,12049.1022660474,0.192281512112634,8,0.888888888888889,-1.26329876819747,95.524
"LTC","Donor",12259.412719313,167.670836418435,0.0136769060849296,9,1,-1.96857907435278,0
