"unit_name","type","pre_mspe","post_mspe","mspe_ratio","rank","fishers_exact_pvalue","z_score","Treatment"
"ETH","Treated",21.3940801380813,112.569381540979,5.26170701495158,1,0.111111111111111,2.63340092922799,-2.48
"DASH","Donor",220.926832278203,260.076074157565,1.17720455897391,2,0.222222222222222,-0.135011845279595,0
"LTC","Donor",2992.11893862267,3337.56331186582,1.11545141765058,3,0.333333333333333,-0.176867172127365,0
"BSV","Donor",912.290432203132,964.045059741331,1.0567304289416,4,0.444444444444444,-0.216667352694219,0
"XRP","Donor",2297.20725231713,2143.07661592698,0.932905210779444,5,0.555555555555556,-0.300594175963626,0
"XMR","Donor",843.859455823916,759.819548410697,0.900410066115612,6,0.666666666666667,-0.322618883884946,0
"ZEC","Donor",2393.30492463673,2139.99027674209,0.894156968764401,7,0.777777777777778,-0.326857136835926,0
"BCH","Donor",449.162085174235,248.042658828541,0.5522341867576,8,0.888888888888889,-0.558607125434287,0
"BTC","Donor",329.286840946554,163.590832287567,0.496803430763634,9,1,-0.59617723700803,0
