"unit_name","type","pre_mspe","post_mspe","mspe_ratio","rank","fishers_exact_pvalue","z_score","Treatment"
"DASH","Donor",1510.72701677773,4795.68861891421,3.17442434381234,1,0.111111111111111,2.45848823338145,0
"LTC","Donor",3260.14881777142,3718.08217156023,1.14046394179694,2,0.222222222222222,0.279717771909788,0
"ZEC","Donor",824.929070071151,933.398748125367,1.13148970255692,3,0.333333333333333,0.27010460178565,0
"ETH","Treated",379.837034796576,245.39451073149,0.646052091426293,4,0.444444444444444,-0.249894276742556,-12.96
"XRP","Donor",9771.90203822951,5748.76254310097,0.588295146698231,5,0.555555555555556,-0.311763291003436,0
"BSV","Donor",16349.9313169893,9461.92625394796,0.578713516925665,6,0.666666666666667,-0.322027095500582,0
"BCH","Donor",15470.1859974925,5436.33856826857,0.35140744714703,7,0.777777777777778,-0.5655164722142,0
"XMR","Donor",3110.74130534975,631.583495876387,0.203033114579541,8,0.888888888888889,-0.724454479423334,0
"BTC","Donor",7189.27927756978,720.056513876311,0.100156981816363,9,1,-0.834654992192782,0
