"unit_name","type","pre_mspe","post_mspe","mspe_ratio","rank","fishers_exact_pvalue","z_score","Treatment"
"ETH","Treated",45.9620592594232,688.245177883687,14.974202395916,1,0.111111111111111,2.44412739004149,25.28
"XMR","Donor",60.6575022384296,352.968732395939,5.81904495520614,2,0.222222222222222,0.538227775744118,0
"XRP","Donor",100.075933863633,373.350561901011,3.73067277503252,3,0.333333333333333,0.103475259637342,0
"BTC","Donor",404.486400058381,753.665106483237,1.86326439250976,4,0.444444444444444,-0.285277521408207,0
"BCH","Donor",325.137982498325,464.068539873784,1.42729722411369,5,0.555555555555556,-0.376036163569578,0
"ZEC","Donor",119.843903509219,128.907281849588,1.0756265281335,6,0.666666666666667,-0.449246160029928,0
"BSV","Donor",2952.56608655571,509.192257480407,0.172457531026647,7,0.777777777777778,-0.637265804080729,0
"DASH","Donor",199.746405042684,4.40625142958219,0.0220592276924364,8,0.888888888888889,-0.668575376873114,0
"LTC","Donor",2926.18412895355,52.5450629993005,0.0179568546214799,9,1,-0.669429399461395,0
