"unit_name","type","pre_mspe","post_mspe","mspe_ratio","rank","fishers_exact_pvalue","z_score","Treatment"
"ETH","Treated",41.1177032761505,98.7795074803421,2.40235955828878,1,0.111111111111111,2.26473776336738,-5.336
"XMR","Donor",96.0731400507759,112.143552287817,1.16727268650268,2,0.222222222222222,0.512978910092404,0
"XRP","Donor",386.853244469808,389.685435892593,1.00732110034819,3,0.333333333333333,0.286115024205333,0
"DASH","Donor",169.444239752161,157.727838065506,0.930853939303025,4,0.444444444444444,0.177659473907117,0
"LTC","Donor",123.840417360631,77.6703592744598,0.627181019975723,5,0.555555555555556,-0.253048468249348,0
"ZEC","Donor",261.410432707097,129.918397816993,0.496990102772844,6,0.666666666666667,-0.437701950555675,0
"BSV","Donor",211.607152494403,67.2317711799147,0.317719748068028,7,0.777777777777778,-0.691966195571706,0
"BCH","Donor",126.246646976207,30.3134589884444,0.240112982914765,8,0.888888888888889,-0.802038078802608,0
"BTC","Donor",3421.73213919399,207.139773955378,0.060536525224377,9,1,-1.0567364783929,0
