"unit_name","type","pre_mspe","post_mspe","mspe_ratio","rank","fishers_exact_pvalue","z_score","Treatment"
"BSV","Donor",265.72450969792,1382.77357927362,5.20378636071465,1,0.111111111111111,2.58578691141761,0
"BTC","Donor",32.6046522844349,48.467442476731,1.48651922596546,2,0.222222222222222,0.192701744926084,0
"XMR","Donor",397.738765529162,329.551579421694,0.828562885951664,3,0.333333333333333,-0.23087436634317,0
"ETH","Treated",36.4408084588409,29.1737795692935,0.800579921333103,4,0.444444444444444,-0.248889110808839,2.013
"XRP","Donor",599.056005642497,470.856299234491,0.785997126812024,5,0.555555555555556,-0.258277155302106,0
"BCH","Donor",623.628073378758,345.707357250316,0.554348612591005,6,0.666666666666667,-0.407406772068141,0
"LTC","Donor",71.4599598804989,37.7250554049578,0.527918787920462,7,0.777777777777778,-0.424421643230021,0
"ZEC","Donor",400.369925435397,158.687044743173,0.396351061010897,8,0.888888888888889,-0.509121710306995,0
"DASH","Donor",367.490589836431,36.9815820100958,0.100632731919901,9,1,-0.699497898284422,0
