"unit_name","type","pre_mspe","post_mspe","mspe_ratio","rank","fishers_exact_pvalue","z_score","Treatment"
"BCH","Donor",28.0547091859424,3019.70411463325,107.636265078319,1,0.111111111111111,2.20940904940423,0
"LTC","Donor",52.7475072060735,3194.91407053252,60.5699537240815,2,0.222222222222222,0.936645364382511,0
"BSV","Donor",89.8954060119049,3500.58891780062,38.9406875512308,3,0.333333333333333,0.351748359999048,0
"ETH","Treated",21.824389404483,273.604452317807,12.5366372111014,4,0.444444444444444,-0.362268002096349,15.801
"XMR","Donor",76.6090523246898,554.612343634039,7.23951448039642,5,0.555555555555556,-0.50551240032424,0
"ZEC","Donor",136.904492794327,386.227148589741,2.8211429786309,6,0.666666666666667,-0.624993673289466,0
"DASH","Donor",163.998859706654,227.771649573955,1.38886117855558,7,0.777777777777778,-0.66372533101665,0
"XRP","Donor",447.449920759454,528.86763560952,1.18195939047632,8,0.888888888888889,-0.669320353754918,0
"BTC","Donor",215.664644852644,233.671621493277,1.08349526484945,9,1,-0.671983013304167,0
