"unit_name","type","pre_mspe","post_mspe","mspe_ratio","rank","fishers_exact_pvalue","z_score","Treatment"
"ETH","Treated",58.5179043165137,126.705613830313,2.16524524092632,1,0.111111111111111,2.08921327501028,-6.579
"XRP","Donor",286.313989459403,419.088405606745,1.46373708947312,2,0.222222222222222,1.04767890749935,0
"DASH","Donor",189.295251024807,160.661131909244,0.848733029695446,3,0.333333333333333,0.134577807975017,0
"XMR","Donor",164.002040958981,120.634263966561,0.735565626263964,4,0.444444444444444,-0.033442677192113,0
"LTC","Donor",149.417251191622,90.4667082357539,0.605463609551577,5,0.555555555555556,-0.226606108590206,0
"ZEC","Donor",272.543531176405,135.189800500821,0.496030120096001,6,0.666666666666667,-0.389082823919196,0
"BSV","Donor",282.404450022249,64.7486403909899,0.229276275164533,7,0.777777777777778,-0.785134240551013,0
"BCH","Donor",118.360802782956,22.5413211847917,0.190445828811476,8,0.888888888888889,-0.842786092918971,0
"BTC","Donor",2498.27370367114,220.639158605405,0.0883166477240591,9,1,-0.994418047313144,0
