"unit_name","type","pre_mspe","post_mspe","mspe_ratio","rank","fishers_exact_pvalue","z_score","Treatment"
"XMR","Donor",549.525444073971,24275.5976379467,44.1755662085029,1,0.111111111111111,2.65047501439662,0
"ETH","Treated",3973.4499777614,18048.0136075554,4.5421519607813,2,0.222222222222222,-0.132663109224005,-52.08
"LTC","Donor",885.215180078544,3704.00139706011,4.18429493801887,3,0.333333333333333,-0.157792549666113,0
"BCH","Donor",0.00112528334797726,0.00138354820061233,1.22951095215201,4,0.444444444444444,-0.365283428618145,0
"ZEC","Donor",0.00112528334797726,0.00138354820061232,1.22951095215201,5,0.555555555555556,-0.365283428618145,0
"DASH","Donor",887.102343406761,976.14415878676,1.10037377991591,6,0.666666666666667,-0.374351700783153,0
"XRP","Donor",3292.86755818892,2313.15332042422,0.702473840671701,7,0.777777777777778,-0.402293035420013,0
"BSV","Donor",2575.42295616431,948.38360746127,0.368243827753147,8,0.888888888888889,-0.425763339673837,0
"BTC","Donor",3170.34138494871,1109.62109139676,0.350000506779719,9,1,-0.427044422393212,0
