"unit_name","type","pre_mspe","post_mspe","mspe_ratio","rank","fishers_exact_pvalue","z_score","Treatment"
"ETH","Treated",39.8525956714909,885.03991230079,22.2078360866697,1,0.111111111111111,2.61949211410494,23.893
"BSV","Donor",0.13010923647138,0.515336192883117,3.96079638048198,2,0.222222222222222,0.0404642573351938,0
"BTC","Donor",803.38978748838,2026.42487152063,2.52234332957579,3,0.333333333333333,-0.162846008257338,0
"DASH","Donor",190.543336426772,459.887760199088,2.41355992197516,4,0.444444444444444,-0.178221403010342,0
"BCH","Donor",12631.6684842611,7715.61559038043,0.610815237907328,5,0.555555555555556,-0.433020473638654,0
"ZEC","Donor",126794.217523719,68564.9976318507,0.540758080068,6,0.666666666666667,-0.442922318789595,0
"XRP","Donor",4688.2191533635,1933.95241185446,0.412513227003684,7,0.777777777777778,-0.461048384927767,0
"LTC","Donor",10443.9512785069,2374.65342849436,0.22737117065849,8,0.888888888888889,-0.48721627453958,0
"XMR","Donor",11769.8736226898,2054.47184833475,0.174553433128981,9,1,-0.494681508276862,0
