"unit_name","type","pre_mspe","post_mspe","mspe_ratio","rank","fishers_exact_pvalue","z_score","Treatment"
"ETH","Treated",83.5299511133443,1205.39202920939,14.4306564668493,1,0.111111111111111,1.9627575202333,19.988
"BTC","Donor",244.346775846369,2578.98306040767,10.5546023739195,2,0.222222222222222,1.20024370926013,0
"LTC","Donor",64.3116622557981,418.71611640749,6.51073385013837,3,0.333333333333333,0.40471673125242,0
"XRP","Donor",1867.36136366693,6360.44958154892,3.40611608727887,4,0.444444444444444,-0.206036850925695,0
"BCH","Donor",120.994255242738,381.834691075037,3.155808433293,5,0.555555555555556,-0.255278434913046,0
"BSV","Donor",182.460633661513,204.375211437291,1.12010578575778,6,0.666666666666667,-0.65575049917337,0
"XMR","Donor",1230.62465783455,636.148681582228,0.51693152541053,7,0.777777777777778,-0.774409499515303,0
"ZEC","Donor",1369.02953916999,417.615145659858,0.305044656606203,8,0.888888888888889,-0.81609278358553,0
"DASH","Donor",2138.55002485074,173.41721148605,0.0810910240447397,9,1,-0.860149892632905,0
