"unit_name","type","pre_mspe","post_mspe","mspe_ratio","rank","fishers_exact_pvalue","z_score","Treatment"
"XMR","Donor",40.5679311737004,2553.96950379162,62.9553795301082,1,0.111111111111111,1.51139567158584,0
"BCH","Donor",295.366720085986,14844.2285976474,50.2569436168233,2,0.222222222222222,0.989485501696797,0
"ETH","Treated",4.28199610185535,198.029849118965,46.2470876685666,3,0.333333333333333,0.824679015805428,-11.098
"BSV","Donor",454.938094455673,17925.4895203726,39.402041154237,4,0.444444444444444,0.54334520323291,0
"DASH","Donor",80.740849151356,2107.42319342503,26.1010779001652,5,0.555555555555556,-0.00332905169308593,0
"ZEC","Donor",143.779888746528,859.046426559295,5.97473286457833,6,0.666666666666667,-0.830528891775705,0
"BTC","Donor",1212.04186783808,2301.79266356341,1.89910326090395,7,0.777777777777778,-0.998038697974212,0
"XRP","Donor",60.0451203284331,111.643192477064,1.8593216545558,8,0.888888888888889,-0.999673735948133,0
"LTC","Donor",25.544470658348,24.0883503175236,0.942996652375392,9,1,-1.03733501492984,0
