"unit_name","type","pre_mspe","post_mspe","mspe_ratio","rank","fishers_exact_pvalue","z_score","Treatment"
"XRP","Donor",294.891944448127,1464.97557191418,4.96783855746144,1,0.111111111111111,2.59169506137672,0
"BSV","Donor",185.592721678787,258.004587722787,1.39016544069722,2,0.222222222222222,0.195539036579473,0
"LTC","Donor",43.8793186474062,34.5268917225925,0.786860251865681,3,0.333333333333333,-0.2085262080166,0
"ZEC","Donor",58.8256055456869,44.8502783156211,0.762427822027062,4,0.444444444444444,-0.224889892469469,0
"DASH","Donor",124.965438542595,74.5181432148303,0.596310020465621,5,0.555555555555556,-0.336147729070686,0
"XMR","Donor",246.997304799578,123.459433571506,0.499841217586099,6,0.666666666666667,-0.400757964740794,0
"ETH","Treated",127.822836985561,44.8513948440255,0.350887180270392,7,0.777777777777778,-0.500520324879138,-4.08
"BTC","Donor",687.142969317661,225.064744451076,0.32753699666689,8,0.888888888888889,-0.516159172055947,0
"BCH","Donor",657.278581290794,132.775279033621,0.202007615664077,9,1,-0.600232806723555,0
