"unit_name","type","pre_mspe","post_mspe","mspe_ratio","rank","fishers_exact_pvalue","z_score","Treatment"
"XMR","Donor",7279.5305753101,13198.8248855933,1.81314231035166,1,0.111111111111111,1.70270619342924,0
"XRP","Donor",598.819479267165,1056.84428845897,1.76487960904735,2,0.222222222222222,1.62853273257437,0
"ZEC","Donor",0.0048509208505043,0.00334378126130206,0.689308559003687,3,0.333333333333333,-0.0244793247911427,0
"BCH","Donor",0.0048509208505043,0.00334378126130206,0.689308559003686,4,0.444444444444444,-0.0244793247911432,0
"LTC","Donor",7181.43572766924,3314.81202853592,0.461580685845914,5,0.555555555555556,-0.374467287104482,0
"DASH","Donor",7187.38156836211,2808.2398094901,0.390718063703699,6,0.666666666666667,-0.483373871019012,0
"ETH","Treated",1071.27460922913,379.383583727152,0.354142234361504,7,0.777777777777778,-0.539586137896534,3.767
"BSV","Donor",918.570457491143,117.565774705621,0.127987759400324,8,0.888888888888889,-0.887155992926401,0
"BTC","Donor",1867.29149115253,104.683478736502,0.0560616696603107,9,1,-0.997696987474895,0
