"unit_name","type","pre_mspe","post_mspe","mspe_ratio","rank","fishers_exact_pvalue","z_score","Treatment"
"XMR","Donor",943.108047764464,18564.0471258971,19.6839027828266,1,0.111111111111111,2.61602769480142,0
"ETH","Treated",3894.7141202194,14614.5586890087,3.75240858196428,2,0.222222222222222,0.0460614110966825,-37.028
"LTC","Donor",866.662574386889,2724.57714662047,3.14375770587295,3,0.333333333333333,-0.0521222376170322,0
"ZEC","Donor",0.000634233281783174,0.000764166954464832,1.20486731998098,4,0.444444444444444,-0.36489157718544,0
"BCH","Donor",0.000634233281783155,0.000764166954464804,1.20486731998097,5,0.555555555555556,-0.364891577185441,0
"BTC","Donor",81.4426563230172,56.0130036510567,0.68776002871147,6,0.666666666666667,-0.448308002968565,0
"XRP","Donor",217.750140257087,142.8127003284,0.655855836234082,7,0.777777777777778,-0.453454582312722,0
"BSV","Donor",37.5440331264928,16.9155742135765,0.450552932248509,8,0.888888888888889,-0.486572727700555,0
"DASH","Donor",1033.22420867459,431.731157926151,0.417848473062756,9,1,-0.491848400928346,0
