"unit_name","type","pre_mspe","post_mspe","mspe_ratio","rank","fishers_exact_pvalue","z_score","Treatment"
"XMR","Donor",367.644758046825,2635.3419203226,7.16817488252329,1,0.111111111111111,1.80026852732816,0
"LTC","Donor",292.5822057937,1732.53102950169,5.92151879093871,2,0.222222222222222,1.30066826769438,0
"DASH","Donor",300.175048891572,1049.99002843664,3.49792573471324,3,0.333333333333333,0.329407846869076,0
"XRP","Donor",2306.08026865698,6650.06037103768,2.88370724186047,4,0.444444444444444,0.0832583910788486,0
"BCH","Donor",44.5892109750418,93.5864111843528,2.09885775365562,5,0.555555555555556,-0.231271823570954,0
"BSV","Donor",15.46525419859,22.8514312161143,1.4775981644193,6,0.666666666666667,-0.48024301472595,0
"BTC","Donor",563.428105828536,441.186181440227,0.783039001562498,7,0.777777777777778,-0.758589176459469,0
"ETH","Treated",105.642382704681,25.6190441283424,0.242507253930077,8,0.888888888888889,-0.975208501773325,3.09
"ZEC","Donor",576.081860181847,5.89852449707318,0.0102390387630175,9,1,-1.06829051644077,0
