"unit_name","type","pre_mspe","post_mspe","mspe_ratio","rank","fishers_exact_pvalue","z_score","Treatment"
"XMR","Donor",2963.80647644168,4039.7793531622,1.36303749427403,1,0.111111111111111,2.06344511486341,0
"XRP","Donor",1449.28630626561,1300.918785998,0.897627184065573,2,0.222222222222222,1.0213704274737,0
"BCH","Donor",0.000503021874779368,0.000247047958017777,0.491127663436379,3,0.333333333333333,0.11119965645232,0
"ZEC","Donor",0.000503021874779363,0.000247047958017775,0.491127663436378,4,0.444444444444444,0.11119965645232,0
"BSV","Donor",22.073556894291,9.0402475442908,0.409551011084622,5,0.555555555555556,-0.0714541495187587,0
"DASH","Donor",4108.5360516903,618.266917339102,0.150483507887131,6,0.666666666666667,-0.651517980262944,0
"ETH","Treated",90491.2910350297,8978.84298587286,0.0992232830714847,7,0.777777777777778,-0.766291936874188,101.891
"BTC","Donor",9766.74792732062,564.992702405905,0.0578486008454714,8,0.888888888888889,-0.858931717516799,0
"LTC","Donor",12391.1346986494,162.91481477742,0.0131476913728634,9,1,-0.959019071069065,0
