"unit_name","type","pre_mspe","post_mspe","mspe_ratio","rank","fishers_exact_pvalue","z_score","Treatment"
"ETH","Treated",58.5179043165137,109.108992967144,1.86454033584305,1,0.111111111111111,1.87576975077522,-4.581
"XRP","Donor",286.313989459403,470.874069019335,1.64460727157763,2,0.222222222222222,1.54938996743292,0
"BSV","Donor",282.404450022249,137.458957330383,0.486745011700606,3,0.333333333333333,-0.168872972162314,0
"DASH","Donor",189.295251024807,91.1255610408333,0.481393804374372,4,0.444444444444444,-0.176814142325106,0
"XMR","Donor",164.002040958981,50.6356639975407,0.308750206408745,5,0.555555555555556,-0.433016547759947,0
"ZEC","Donor",272.543531176405,74.0363095008349,0.271649483593557,6,0.666666666666667,-0.488073871290213,0
"LTC","Donor",149.417251191622,27.1226718143625,0.181523027615993,7,0.777777777777778,-0.62182116969491,0
"BCH","Donor",118.360802782956,19.2757102949626,0.162855521775308,8,0.888888888888889,-0.649523673327884,0
"BTC","Donor",2498.27370367114,7.00877332334057,0.00280544654216285,9,1,-0.887037341647766,0
