"unit_name","type","pre_mspe","post_mspe","mspe_ratio","rank","fishers_exact_pvalue","z_score","Treatment"
"ETH","Treated",24.060911129432,54.1133806768245,2.24901627314651,1,0.111111111111111,1.531175592641,2.362
"DASH","Donor",326.434733343362,566.140785973269,1.73431540257627,2,0.222222222222222,0.479810426764149,0
"ZEC","Donor",3912.12479611198,6595.48184091696,1.6859078338891,3,0.333333333333333,0.38092963134972,0
"XRP","Donor",3824.01077866629,6434.44204667235,1.68264223588734,4,0.444444444444444,0.374259085055529,0
"LTC","Donor",3637.01629617328,6095.2424509943,1.6758908827017,5,0.555555555555556,0.360468283508882,0
"XMR","Donor",1289.44744310798,2109.76741175744,1.63617945270591,6,0.666666666666667,0.279350848952235,0
"BSV","Donor",1591.18559676501,2061.19821245081,1.29538516225975,7,0.777777777777778,-0.416780178197279,0
"BCH","Donor",928.908651703107,886.532115735899,0.954380297901723,8,0.888888888888889,-1.11334133882516,0
"BTC","Donor",385.168003208025,223.813259799731,0.581079575498518,9,1,-1.87587235124907,0
