"unit_name","type","pre_mspe","post_mspe","mspe_ratio","rank","fishers_exact_pvalue","z_score","Treatment"
"XMR","Donor",549.525444073971,1327.65078842111,2.41599511494575,1,0.111111111111111,2.58131931867956,0
"XRP","Donor",3292.86755818892,2971.65233148377,0.90245121583881,2,0.222222222222222,0.124420882771031,0
"BCH","Donor",0.00112528334797726,0.000800312862377924,0.711210082168651,3,0.333333333333333,-0.186016126999764,0
"ZEC","Donor",0.00112528334797726,0.000800312862377925,0.711210082168651,4,0.444444444444444,-0.186016126999764,0
"ETH","Treated",3973.4499777614,2635.41988112146,0.663257344592576,5,0.555555555555556,-0.263856621760245,48.36
"BTC","Donor",3170.34138494871,1845.81039082355,0.582211871436492,6,0.666666666666667,-0.395415736994458,0
"BSV","Donor",2575.42295616431,1438.01395899292,0.558360309537124,7,0.777777777777778,-0.434133388434307,0
"LTC","Donor",885.215180078544,493.740212737495,0.557762930244471,8,0.888888888888889,-0.435103099488364,0
"DASH","Donor",887.102343406761,292.539353042669,0.329769564038375,9,1,-0.805199100773688,0
