"unit_name","type","pre_mspe","post_mspe","mspe_ratio","rank","fishers_exact_pvalue","z_score","Treatment"
"ETH","Treated",39.8525956714909,919.497494927418,23.0724618919915,1,0.111111111111111,2.65806630928621,26.303
"BTC","Donor",803.38978748838,1365.61820739813,1.69982022259386,2,0.222222222222222,-0.242964986758501,0
"BSV","Donor",0.13010923647138,0.203140581367844,1.56130791999942,3,0.333333333333333,-0.261766056412378,0
"BCH","Donor",12631.6684842611,18423.2998480955,1.45850089962784,4,0.444444444444444,-0.275720643223146,0
"ZEC","Donor",126794.217523719,174018.150077291,1.37244547484776,5,0.555555555555556,-0.287401439838891,0
"DASH","Donor",190.543336426772,248.639607899141,1.30489794375305,6,0.666666666666667,-0.296570053841197,0
"LTC","Donor",10443.9512785069,5732.18322607354,0.548851969260911,7,0.777777777777778,-0.39919251236446,0
"XMR","Donor",11769.8736226898,4400.3923315251,0.373869123202995,8,0.888888888888889,-0.422943938160919,0
"XRP","Donor",4688.2191533635,75.45668782819,0.0160949574582183,9,1,-0.47150667868672,0
