"unit_name","type","pre_mspe","post_mspe","mspe_ratio","rank","fishers_exact_pvalue","z_score","Treatment"
"ZEC","Donor",93.3362432197526,537.748078551573,5.76140693048346,1,0.111111111111111,1.57973784782312,0
"LTC","Donor",87.8115710590713,461.06688516473,5.25063929051637,2,0.222222222222222,1.34618318843938,0
"BCH","Donor",33.8882828439055,134.855506041376,3.9794139662532,3,0.333333333333333,0.764900087522088,0
"XRP","Donor",229.08756265088,585.771926782963,2.55697830124307,4,0.444444444444444,0.114474235841003,0
"XMR","Donor",77.1863534248842,111.294761669942,1.44189687336702,5,0.555555555555556,-0.395410186534524,0
"ETH","Treated",32.7278532665338,20.6246322516775,0.630185917900318,6,0.666666666666667,-0.76657480403906,-1.114
"BTC","Donor",249.896317646049,151.603552713715,0.606665813013078,7,0.777777777777778,-0.777329655473977,0
"DASH","Donor",133.084845275392,49.7999317559388,0.374196864059824,8,0.888888888888889,-0.883628884206582,0
"BSV","Donor",85.9549865138544,13.60639202587,0.158296715265925,9,1,-0.982351829371448,0
