"unit_name","type","pre_mspe","post_mspe","mspe_ratio","rank","fishers_exact_pvalue","z_score","Treatment"
"ETH","Treated",56.0847848518335,366.854303695245,6.54106643476323,1,0.111111111111111,2.45103899071524,18.407
"BCH","Donor",182.148489606555,436.551754563568,2.39668061759134,2,0.222222222222222,0.527204624442979,0
"XMR","Donor",80.7623046789115,133.196006983239,1.64923484430997,3,0.333333333333333,0.180238408217263,0
"ZEC","Donor",114.287849161919,39.2197961928651,0.343166806274391,4,0.444444444444444,-0.426041674551974,0
"XRP","Donor",175.877728177001,33.7139882540052,0.191689923468172,5,0.555555555555556,-0.496357626225909,0
"BSV","Donor",919.492851141303,160.873365393071,0.174958799509306,6,0.666666666666667,-0.504124256235369,0
"BTC","Donor",440.57688098399,13.5290497516264,0.0307075798471549,7,0.777777777777778,-0.571086036823671,0
"DASH","Donor",300.999044814225,3.81848115862126,0.012686024173193,8,0.888888888888889,-0.57945168849529,0
"LTC","Donor",2389.86327353112,20.1805501215576,0.00844422789582438,9,1,-0.581420741043273,0
