"unit_name","type","pre_mspe","post_mspe","mspe_ratio","rank","fishers_exact_pvalue","z_score","Treatment"
"XMR","Donor",7279.5305753101,17446.2401816042,2.39661610060082,1,0.111111111111111,2.29591714346182,0
"ZEC","Donor",0.0048509208505043,0.00487311556846928,1.00457536180222,2,0.222222222222222,0.315754878794086,0
"BCH","Donor",0.0048509208505043,0.00487311556846928,1.00457536180222,3,0.333333333333333,0.315754878794085,0
"LTC","Donor",7181.43572766924,6442.71705603309,0.897134960243402,4,0.444444444444444,0.162922118273638,0
"DASH","Donor",7187.38156836211,5597.22483293045,0.778757156510055,5,0.555555555555556,-0.00546897359147666,0
"ETH","Treated",1071.27460922913,484.055429881185,0.451849997853959,6,0.666666666666667,-0.470490723011844,19.871
"BSV","Donor",918.570457491143,181.63111005087,0.197732366167047,7,0.777777777777778,-0.831970190550585,0
"XRP","Donor",598.819479267165,101.586201050011,0.169644115743083,8,0.888888888888889,-0.871925410264969,0
"BTC","Donor",1867.29149115253,266.146647832813,0.14253085235693,9,1,-0.910493721904751,0
