"unit_name","type","pre_mspe","post_mspe","mspe_ratio","rank","fishers_exact_pvalue","z_score","Treatment"
"LTC","Donor",50.963188749696,395.93839155426,7.76910553024651,1,0.111111111111111,1.81710136243798,0
"ZEC","Donor",131.943601658197,936.202806779958,7.09547712063533,2,0.222222222222222,1.59353583590358,0
"BCH","Donor",30.3861259774167,75.2130421360802,2.47524288525558,3,0.333333333333333,0.060160632590643,0
"XRP","Donor",260.258480143009,329.724301941547,1.26691088705493,4,0.444444444444444,-0.340863694103078,0
"XMR","Donor",67.3174007038102,75.6777602566612,1.12419314271559,5,0.555555555555556,-0.38822922560945,0
"ETH","Treated",25.5357491416822,10.585503270359,0.414536625169153,6,0.666666666666667,-0.623751853129585,0.839
"BTC","Donor",241.129727361915,70.2659623644776,0.291403151047462,7,0.777777777777778,-0.664617706741541,0
"DASH","Donor",161.599976732704,29.6769854854185,0.183644738603558,8,0.888888888888889,-0.700380845399005,0
"BSV","Donor",79.2282430279856,1.99926988060571,0.0252343079209709,9,1,-0.752954505949538,0
