"unit_name","type","pre_mspe","post_mspe","mspe_ratio","rank","fishers_exact_pvalue","z_score","Treatment"
"DASH","Donor",96.2857305847411,524.561382651135,5.44796595991416,1,0.111111111111111,2.23839420874549,0
"LTC","Donor",84.2864227203986,234.637665962388,2.78381331641925,2,0.222222222222222,0.698848745047277,0
"XMR","Donor",136.411612665304,327.868749521285,2.4035252066533,3,0.333333333333333,0.479090002725175,0
"ETH","Treated",66.0015580584081,94.1772111201731,1.42689375661149,4,0.444444444444444,-0.0852802567222927,-0.653
"ZEC","Donor",1363.75219036552,878.277002135036,0.644015099179886,5,0.555555555555556,-0.537685748058501,0
"XRP","Donor",3207.57503220713,1901.21485122819,0.592726540186331,6,0.666666666666667,-0.567324090490173,0
"BSV","Donor",26.6621593454722,9.28244343940912,0.348150474953391,7,0.777777777777778,-0.708658323976353,0
"BTC","Donor",1392.86255605421,370.867043942337,0.266262483925875,8,0.888888888888889,-0.755979293150397,0
"BCH","Donor",26.485291605687,6.80335589370181,0.256872984258212,9,1,-0.761405244120227,0
