"unit_name","type","pre_mspe","post_mspe","mspe_ratio","rank","fishers_exact_pvalue","z_score","Treatment"
"XMR","Donor",253.083366908135,2549.2822490856,10.0728952685814,1,0.111111111111111,2.20619781893135,0
"LTC","Donor",223.179551746863,1360.54155945105,6.0961748009702,2,0.222222222222222,0.975677976682485,0
"BTC","Donor",538.851451248069,1484.23552186631,2.75444284028293,3,0.333333333333333,-0.0583568564404581,0
"XRP","Donor",2145.42607064614,5903.27729548023,2.75156407216695,4,0.444444444444444,-0.059247635995318,0
"DASH","Donor",289.250585308856,648.564064274333,2.24222213269442,5,0.555555555555556,-0.216853725765809,0
"BCH","Donor",23.8666582855857,35.428818783736,1.48444823568507,6,0.666666666666667,-0.451332317812383,0
"ZEC","Donor",767.517896018585,443.464213915921,0.577790063549453,7,0.777777777777778,-0.731880291962586,0
"BSV","Donor",14.5999496718066,5.42880040743777,0.371836926117706,8,0.888888888888889,-0.795608538452943,0
"ETH","Treated",135.982376210634,18.4880311446718,0.135959023954944,9,1,-0.868596429184341,-1.534
