"unit_name","type","pre_mspe","post_mspe","mspe_ratio","rank","fishers_exact_pvalue","z_score","Treatment"
"XRP","Donor",217.750140257087,280.048262332634,1.2860991134242,1,0.111111111111111,2.0173689082771,0
"XMR","Donor",943.108047764464,823.524028022822,0.873202206231722,2,0.222222222222222,0.560839813423335,0
"ZEC","Donor",0.000634233281783174,0.000489800502306969,0.772271838100129,3,0.333333333333333,0.204799322014574,0
"BCH","Donor",0.000634233281783155,0.000489800502306954,0.772271838100128,4,0.444444444444444,0.204799322014571,0
"BSV","Donor",37.5440331264928,26.8648031182733,0.715554533732718,5,0.555555555555556,0.00472418811607656,0
"LTC","Donor",866.662574386889,582.455083972789,0.672066731836021,6,0.666666666666667,-0.148682746230974,0
"ETH","Treated",3894.7141202194,2371.6183043598,0.608932576603645,7,0.777777777777778,-0.371393869451141,48.068
"DASH","Donor",1033.22420867459,492.135946503645,0.476310893968457,8,0.888888888888889,-0.839228178698138,0
"BTC","Donor",81.4426563230172,20.4606882719557,0.251228154823495,9,1,-1.6332267594654,0
