"unit_name","type","pre_mspe","post_mspe","mspe_ratio","rank","fishers_exact_pvalue","z_score","Treatment"
"BSV","Donor",185.592721678787,386.969997673246,2.08504942528399,1,0.111111111111111,2.0488897282529,0
"ZEC","Donor",58.8256055456869,90.3970394729959,1.5366954344871,2,0.222222222222222,1.12848344535566,0
"XRP","Donor",294.891944448127,244.852088720056,0.830311215107225,3,0.333333333333333,-0.0571748785891579,0
"XMR","Donor",246.997304799578,198.962720873244,0.805525878246685,4,0.444444444444444,-0.0987768002547839,0
"DASH","Donor",124.965438542595,91.8129922547697,0.734707078417323,5,0.555555555555556,-0.217645395002242,0
"BTC","Donor",687.142969317661,490.458546311154,0.713764919690851,6,0.666666666666667,-0.252796583454913,0
"BCH","Donor",657.278581290794,321.010895994015,0.488393970428184,7,0.777777777777778,-0.63107930076025,0
"LTC","Donor",43.8793186474062,20.296234552987,0.462546711722626,8,0.888888888888889,-0.674463646835117,0
"ETH","Treated",127.822836985561,15.6424447184873,0.122375978247567,9,1,-1.2454365687121,-3.011
