"unit_name","type","pre_mspe","post_mspe","mspe_ratio","rank","fishers_exact_pvalue","z_score","Treatment"
"BSV","Donor",79.4888442023337,462.306697617323,5.81599471292539,1,0.111111111111111,1.899357013007,0
"LTC","Donor",71.3614896943833,267.946768852879,3.75478104507631,2,0.222222222222222,0.902205299703579,0
"ETH","Treated",39.6237213900945,148.12233676342,3.73822376008452,3,0.333333333333333,0.894195394978638,11.718
"BCH","Donor",27.5085166140591,40.273340084182,1.46403169059283,4,0.444444444444444,-0.205988712009694,0
"BTC","Donor",186.198975224769,247.317808396307,1.3282447344179,5,0.555555555555556,-0.271678260893477,0
"XMR","Donor",108.520345069742,76.9764545503154,0.709327403085985,6,0.666666666666667,-0.571091410998778,0
"XRP","Donor",379.137553699197,38.5624412876433,0.101710951372119,7,0.777777777777778,-0.865037543468432,0
"ZEC","Donor",126.442378974355,10.2676417632257,0.0812041172153854,8,0.888888888888889,-0.874958118483421,0
"DASH","Donor",153.699501325686,2.29976426318743,0.0149627308049248,9,1,-0.907003661835417,0
