"unit_name","type","pre_mspe","post_mspe","mspe_ratio","rank","fishers_exact_pvalue","z_score","Treatment"
"ETH","Treated",4.28199610185535,18.0352261903527,4.21187356582089,1,0.111111111111111,2.47347789095191,-3.411
"XRP","Donor",60.0451203284331,102.89849118971,1.71368615179517,2,0.222222222222222,0.471582797617877,0
"XMR","Donor",40.5679311737004,44.3619055229828,1.09352151414963,3,0.333333333333333,-0.0253793350834662,0
"ZEC","Donor",143.779888746528,136.777845293428,0.951300258234002,4,0.444444444444444,-0.139346779153844,0
"LTC","Donor",25.544470658348,17.7005097792915,0.692929206325399,5,0.555555555555556,-0.346389588741091,0
"BCH","Donor",295.366720085986,145.282829181309,0.491872710436082,6,0.666666666666667,-0.50750400727671,0
"DASH","Donor",80.740849151356,36.2147539596128,0.448530754138156,7,0.777777777777778,-0.542235608741508,0
"BSV","Donor",454.938094455673,158.867986537148,0.349207921854141,8,0.888888888888889,-0.621826871386209,0
"BTC","Donor",1212.04186783808,210.667378906441,0.173811965161079,9,1,-0.762378498186957,0
