"unit_name","type","pre_mspe","post_mspe","mspe_ratio","rank","fishers_exact_pvalue","z_score","Treatment"
"ZEC","Donor",0.000275516914682587,61247.2854118595,222299547.31607,1,0.111111111111111,1.76599142205117,0
"BCH","Donor",0.000275516914682586,61115.1099926269,221819811.183047,2,0.222222222222222,1.76107557576023,0
"BSV","Donor",0.0027842821845635,15293.6850330635,5492864.5946356,3,0.333333333333333,-0.455622197905059,0
"BTC","Donor",731.002424048066,267.858070734612,0.366425694255973,4,0.444444444444444,-0.511907464709499,0
"DASH","Donor",765.029157375739,215.825475327616,0.282114051793734,5,0.555555555555556,-0.511907465573439,0
"XMR","Donor",23888.9881482473,4674.10251760579,0.195659292415393,6,0.666666666666667,-0.511907466459339,0
"LTC","Donor",29442.7255398548,5671.07127793264,0.192613665139665,7,0.777777777777778,-0.511907466490547,0
"XRP","Donor",16830.2030087136,246.008094305792,0.0146170604227664,8,0.888888888888889,-0.511907468314475,0
"ETH","Treated",1825.53460009496,18.743880882486,0.0102676119540604,9,1,-0.511907468359044,3.623
