"unit_name","type","pre_mspe","post_mspe","mspe_ratio","rank","fishers_exact_pvalue","z_score","Treatment"
"ZEC","Donor",824.929070071151,1597.73254132691,1.93681202335263,1,0.111111111111111,2.38145851822117,0
"XRP","Donor",9771.90203822951,7622.53521437675,0.780046216648097,2,0.222222222222222,0.40113061840251,0
"DASH","Donor",1510.72701677773,958.31805789668,0.634342304899468,3,0.333333333333333,0.151692469490987,0
"BSV","Donor",16349.9313169893,9245.05651101668,0.565449256744588,4,0.444444444444444,0.0337508562673636,0
"ETH","Treated",379.837034796576,187.980405162254,0.494897516412343,5,0.555555555555556,-0.087030358867908,-8.859
"LTC","Donor",3260.14881777142,600.043058725781,0.184053885962163,6,0.666666666666667,-0.619179831383084,0
"XMR","Donor",3110.74130534975,561.968140455476,0.180654090228918,7,0.777777777777778,-0.625000119556547,0
"BCH","Donor",15470.1859974925,2003.81929065062,0.129527808584552,8,0.888888888888889,-0.712525875735979,0
"BTC","Donor",7189.27927756978,41.8897652203447,0.00582669883906706,9,1,-0.92429627683851,0
