"unit_name","type","pre_mspe","post_mspe","mspe_ratio","rank","fishers_exact_pvalue","z_score","Treatment"
"XRP","Donor",599.056005642497,1350.30260051205,2.25405068606871,1,0.111111111111111,2.06581888784243,0
"ETH","Treated",36.4408084588409,49.1930134375971,1.34994297651655,2,0.222222222222222,0.61295895156597,3.673
"BTC","Donor",32.6046522844349,41.8194878993579,1.2826233365268,3,0.333333333333333,0.504779354342857,0
"LTC","Donor",71.4599598804989,69.0376705125101,0.966102844557433,4,0.444444444444444,-0.00385466894247402,0
"XMR","Donor",397.738765529162,366.830490225346,0.922290010472842,5,0.555555555555556,-0.0742598990535632,0
"BSV","Donor",265.72450969792,198.37343340539,0.746537960050824,6,0.666666666666667,-0.356685444238961,0
"ZEC","Donor",400.369925435397,230.457216290444,0.575610708121557,7,0.777777777777778,-0.631357757860612,0
"BCH","Donor",623.628073378758,350.479614720731,0.562001022214836,8,0.888888888888889,-0.653227903630053,0
"DASH","Donor",367.490589836431,21.0773246589415,0.0573547329968992,9,1,-1.4641715200256,0
