"unit_name","type","pre_mspe","post_mspe","mspe_ratio","rank","fishers_exact_pvalue","z_score","Treatment"
"XRP","Donor",340.960883483525,934.764606615847,2.74155966826915,1,0.111111111111111,2.43012510800598,0
"BSV","Donor",259.649192190875,340.252573734475,1.31043185947733,2,0.222222222222222,0.683394853364122,0
"ZEC","Donor",66.5807430205622,36.9332416825386,0.554713570425798,3,0.333333333333333,-0.23897978806422,0
"XMR","Donor",388.313880954243,213.053827883582,0.548663950307475,4,0.444444444444444,-0.246363513280688,0
"DASH","Donor",131.842507556195,71.9750735994566,0.545917056141996,5,0.555555555555556,-0.249716172012958,0
"BTC","Donor",778.629310783101,275.371001492076,0.353661232217322,6,0.666666666666667,-0.484369612619237,0
"LTC","Donor",105.446624420186,30.7293779844202,0.291421163582906,7,0.777777777777778,-0.560335302243074,0
"BCH","Donor",646.309007047258,167.956932708331,0.259870945440885,8,0.888888888888889,-0.59884319806528,0
"ETH","Treated",111.274737917699,16.5117243606273,0.148386998429416,9,1,-0.73491237508464,-2.725
