"unit_name","type","pre_mspe","post_mspe","mspe_ratio","rank","fishers_exact_pvalue","z_score","Treatment"
"DASH","Donor",810.83799646999,1620.18228211462,1.99815781841519,1,0.111111111111111,2.2325561677258,0
"ZEC","Donor",957.390039306875,1118.5541894049,1.16833698229689,2,0.222222222222222,0.861203895234437,0
"XRP","Donor",7508.43025985399,5154.9851941275,0.686559642391584,3,0.333333333333333,0.065024260839472,0
"ETH","Treated",355.755914922614,236.458632567316,0.664665358041206,4,0.444444444444444,0.0288420209008961,-13.527
"BSV","Donor",16914.0584200236,6970.04015965422,0.412085614615282,5,0.555555555555556,-0.388568328485713,0
"LTC","Donor",3316.27638761882,1094.97313559375,0.330181507090842,6,0.666666666666667,-0.523922104977301,0
"XMR","Donor",1917.69912235545,566.924078925271,0.295627229692287,7,0.777777777777778,-0.5810261023371,0
"BCH","Donor",13910.2459794519,3457.67128392621,0.248570103579323,8,0.888888888888889,-0.658792162217918,0
"BTC","Donor",4233.1371550795,87.7540181540186,0.0207302562943701,9,1,-1.03531764668257,0
