"unit_name","type","pre_mspe","post_mspe","mspe_ratio","rank","fishers_exact_pvalue","z_score","Treatment"
"XRP","Donor",358.052261527643,2014.97312318103,5.62759501806825,1,0.111111111111111,2.57629046258604,0
"LTC","Donor",52.1438545717314,81.494396485971,1.56287633807094,2,0.222222222222222,0.225727733206925,0
"BSV","Donor",280.287934317104,296.393753220395,1.05746169182249,3,0.333333333333333,-0.0665455884869445,0
"DASH","Donor",155.815909485546,95.629793927419,0.613735749084659,4,0.444444444444444,-0.323145305508157,0
"XMR","Donor",272.534882900609,160.240709395616,0.58796403487936,5,0.555555555555556,-0.338048681523154,0
"ZEC","Donor",115.108011851167,47.7006082076112,0.414398680339361,6,0.666666666666667,-0.438418789668858,0
"ETH","Treated",115.192974804089,36.846515219633,0.319867728759488,7,0.777777777777778,-0.493084548617898,-4.364
"BTC","Donor",817.603618486199,169.121662485083,0.206850432974127,8,0.888888888888889,-0.558440668970231,0
"BCH","Donor",665.310986782841,107.829108045723,0.162073241217823,9,1,-0.58433461301772,0
