"unit_name","type","pre_mspe","post_mspe","mspe_ratio","rank","fishers_exact_pvalue","z_score","Treatment"
"BSV","Donor",62.6134167433461,210.721287273048,3.36543345233497,1,0.111111111111111,2.40222212235961,0
"XRP","Donor",662.990861332801,950.002207368605,1.43290392488794,2,0.222222222222222,0.434664339034609,0
"ETH","Treated",41.5114202133072,53.5424934861493,1.28982562415403,3,0.333333333333333,0.288992658351,6.008
"XMR","Donor",453.042998121822,365.217607799232,0.806143366773822,4,0.444444444444444,-0.20345662982202,0
"ZEC","Donor",446.710461362344,290.53499018982,0.650387701473944,5,0.555555555555556,-0.36203545990209,0
"LTC","Donor",77.923668007368,42.0351635329755,0.539440257470951,6,0.666666666666667,-0.474993892820049,0
"BTC","Donor",28.7750074454236,13.9504475700437,0.48481125839856,7,0.777777777777778,-0.530613075240579,0
"BCH","Donor",642.346858034938,272.547569842131,0.424299685493763,8,0.888888888888889,-0.592221456669739,0
"DASH","Donor",273.609001972214,16.5685616923573,0.0605556161271326,9,1,-0.962558605290738,0
