"unit_name","type","pre_mspe","post_mspe","mspe_ratio","rank","fishers_exact_pvalue","z_score","Treatment"
"XMR","Donor",549.525444073971,2206.84172081087,4.01590453109903,1,0.111111111111111,2.6097773986259,0
"LTC","Donor",885.215180078544,1119.5705908234,1.26474400351344,2,0.222222222222222,0.120953021689126,0
"XRP","Donor",3292.86755818892,2991.71704602737,0.908544602283615,3,0.333333333333333,-0.201281084224376,0
"DASH","Donor",887.102343406761,691.510865817942,0.779516445827789,4,0.444444444444444,-0.318005796533436,0
"BCH","Donor",0.00112528334797726,0.000863753913886658,0.767587928355366,5,0.555555555555556,-0.32879687352382,0
"ZEC","Donor",0.00112528334797726,0.000863753913886659,0.767587928355366,6,0.666666666666667,-0.328796873523821,0
"ETH","Treated",3973.4499777614,2607.99155801934,0.656354445787853,7,0.777777777777778,-0.429423718148024,49.033
"BSV","Donor",2575.42295616431,1316.39956114126,0.511139173466805,8,0.888888888888889,-0.560792028369206,0
"BTC","Donor",3170.34138494871,1610.5257866118,0.507997591129405,9,1,-0.563634045992343,0
