"unit_name","type","pre_mspe","post_mspe","mspe_ratio","rank","fishers_exact_pvalue","z_score","Treatment"
"ETH","Treated",39.8525956714909,1438.39657327278,36.0929206501287,1,0.111111111111111,2.65948293175106,33.866
"BTC","Donor",803.38978748838,2422.40954251511,3.01523566796665,2,0.222222222222222,-0.160194638879874,0
"BSV","Donor",0.13010923647138,0.163975147548968,1.26028829309929,3,0.333333333333333,-0.309793552867345,0
"BCH","Donor",12631.6684842611,13360.4643211092,1.0576959281156,4,0.444444444444444,-0.327063357203218,0
"ZEC","Donor",126794.217523719,124547.722135416,0.982282351418093,5,0.555555555555556,-0.333491919868643,0
"DASH","Donor",190.543336426772,169.648246730726,0.890339436225436,6,0.666666666666667,-0.34132951115978,0
"LTC","Donor",10443.9512785069,4536.84719487215,0.434399498225229,7,0.777777777777778,-0.380195701989862,0
"XMR","Donor",11769.8736226898,3600.37361511827,0.305897389431396,8,0.888888888888889,-0.391149748929366,0
"XRP","Donor",4688.2191533635,52.8634797382742,0.0112758124159678,9,1,-0.416264500852976,0
