"unit_name","type","pre_mspe","post_mspe","mspe_ratio","rank","fishers_exact_pvalue","z_score","Treatment"
"ETH","Treated",7.44886850895379,36.0489813913225,4.83952446576154,1,0.111111111111111,1.99939867239431,-4.81
"XMR","Donor",39.6758773475673,149.229233782558,3.7612081637234,2,0.222222222222222,1.33237038642084,0
"XRP","Donor",40.8426267786967,55.9441511874531,1.36974909793591,3,0.333333333333333,-0.146945875990178,0
"LTC","Donor",26.0711421163612,35.3068985579318,1.3542520845596,4,0.444444444444444,-0.156532067213079,0
"DASH","Donor",89.2230111124587,116.556971981251,1.30635550771022,5,0.555555555555556,-0.186160082202238,0
"ZEC","Donor",143.817916793349,132.448124187747,0.92094314214035,6,0.666666666666667,-0.424569674186647,0
"BCH","Donor",204.188916612943,98.1778624650631,0.480818763788082,7,0.777777777777778,-0.696823194932425,0
"BTC","Donor",1556.53267323718,358.764698755307,0.230489667787809,8,0.888888888888889,-0.851672553621285,0
"BSV","Donor",473.879392522047,95.8999650336811,0.202372094138319,9,1,-0.869065610669298,0
