"unit_name","type","pre_mspe","post_mspe","mspe_ratio","rank","fishers_exact_pvalue","z_score","Treatment"
"LTC","Donor",57.0147658033407,1128.7018480646,19.7966584999718,1,0.111111111111111,2.28764463939316,0
"BTC","Donor",372.937386097086,3367.37548272141,9.0293320226275,2,0.222222222222222,0.64151580131955,0
"BCH","Donor",98.7606371665686,752.324851319466,7.61765894696086,3,0.333333333333333,0.425696603798561,0
"XRP","Donor",2458.26376353229,10757.1854913237,4.37592810458493,4,0.444444444444444,-0.0699052186348806,0
"BSV","Donor",211.650070754375,205.633171397132,0.971571474860382,5,0.555555555555556,-0.590369573000672,0
"XMR","Donor",1475.65427409167,1201.75280289295,0.814386420987858,6,0.666666666666667,-0.614400315510258,0
"ZEC","Donor",1527.61473742924,642.498321364219,0.420589239958142,7,0.777777777777778,-0.674604758777497,0
"ETH","Treated",92.3934358816347,26.0134869162795,0.281551245151283,8,0.888888888888889,-0.69586114524642,0.278
"DASH","Donor",2437.15748178191,465.317804347008,0.190926441079546,9,1,-0.709716033341543,0
