"unit_name","type","pre_mspe","post_mspe","mspe_ratio","rank","fishers_exact_pvalue","z_score","Treatment"
"ETH","Treated",24.060911129432,100.460490793569,4.17525713191645,1,0.111111111111111,2.58461217451675,-2.842
"LTC","Donor",3637.01629617328,4907.86819972992,1.34942155879086,2,0.222222222222222,-0.0417530366843632,0
"DASH","Donor",326.434733343362,389.834671743049,1.19421933980598,3,0.333333333333333,-0.185999826030381,0
"BSV","Donor",1591.18559676501,1830.38938317278,1.15033053774123,4,0.444444444444444,-0.226790600978638,0
"ZEC","Donor",3912.12479611198,4495.67766412345,1.14916519753956,5,0.555555555555556,-0.227873682030476,0
"XRP","Donor",3824.01077866629,4328.49322212342,1.13192495331645,6,0.666666666666667,-0.243896970183129,0
"XMR","Donor",1289.44744310798,1453.23407054471,1.12702078577313,7,0.777777777777778,-0.248454961861114,0
"BCH","Donor",928.908651703107,770.909614375983,0.82990896140601,8,0.888888888888889,-0.524594227278884,0
"BTC","Donor",385.168003208025,170.191444799209,0.441862884200406,9,1,-0.885248869469761,0
