"unit_name","type","pre_mspe","post_mspe","mspe_ratio","rank","fishers_exact_pvalue","z_score","Treatment"
"BSV","Donor",15.46525419859,244.811943339243,15.8298040365585,1,0.111111111111111,2.18383741084832,0
"XMR","Donor",367.644758046825,3013.65442338583,8.19719133055611,2,0.222222222222222,0.707287502714051,0
"LTC","Donor",292.5822057937,2104.06002865027,7.19134652410764,3,0.333333333333333,0.512704060088848,0
"XRP","Donor",2306.08026865698,9798.19316736084,4.24885174229738,4,0.444444444444444,-0.0565296436402467,0
"DASH","Donor",300.175048891572,906.935223291777,3.0213544618073,5,0.555555555555556,-0.293992366636441,0
"BCH","Donor",44.5892109750418,66.3936611150824,1.48900731058563,6,0.666666666666667,-0.590429135082301,0
"BTC","Donor",563.428105828536,367.687343353914,0.652589637524774,7,0.777777777777778,-0.75223643304053,0
"ETH","Treated",105.642382704681,21.2198124691274,0.200864576563429,8,0.888888888888889,-0.839623887763588,1.894
"ZEC","Donor",576.081860181847,22.2275540495597,0.0385840200601757,9,1,-0.871017507488117,0
