"unit_name","type","pre_mspe","post_mspe","mspe_ratio","rank","fishers_exact_pvalue","z_score","Treatment"
"ZEC","Donor",0.00022134448837436,221497.54715186,1000691495.77034,1,0.111111111111111,1.76447683756598,0
"BCH","Donor",0.000221344488374361,221178.108151206,999248320.00843,2,0.222222222222222,1.76118454837228,0
"BSV","Donor",0.001223765411273,55257.9284778346,45154020.5081901,3,0.333333333333333,-0.415372482947459,0
"LTC","Donor",11589.1610185021,2546.2356053636,0.219708363814993,4,0.444444444444444,-0.518381483632956,0
"XRP","Donor",5396.99814084832,1042.23017472221,0.193112939364175,5,0.555555555555556,-0.518381483693628,0
"DASH","Donor",503.678510162495,63.5953166158384,0.126261723168061,6,0.666666666666667,-0.518381483846134,0
"XMR","Donor",24867.493014743,3095.25187184482,0.12446979958976,7,0.777777777777778,-0.518381483850222,0
"BTC","Donor",576.695219310856,62.841058615607,0.108967538677885,8,0.888888888888889,-0.518381483885587,0
"ETH","Treated",1376.37076802347,31.3135470141876,0.0227508079521009,9,1,-0.518381484082272,4.028
