"unit_name","type","pre_mspe","post_mspe","mspe_ratio","rank","fishers_exact_pvalue","z_score","Treatment"
"XMR","Donor",253.083366908135,2755.9850390257,10.8896332172871,1,0.111111111111111,1.8780966108901,0
"LTC","Donor",223.179551746863,1678.19360642882,7.51947744895676,2,0.222222222222222,0.966274381340045,0
"BSV","Donor",14.5999496718066,102.078974675789,6.9917346956962,3,0.333333333333333,0.823489416197224,0
"XRP","Donor",2145.42607064614,7998.06876823073,3.72796288702782,4,0.444444444444444,-0.0595497938262889,0
"BTC","Donor",538.851451248069,1215.50639279152,2.25573558348262,5,0.555555555555556,-0.457872504882492,0
"DASH","Donor",289.250585308856,619.722286932838,2.14251005325057,6,0.666666666666667,-0.488506565298437,0
"BCH","Donor",23.8666582855857,29.8931731679263,1.25250769547324,7,0.777777777777778,-0.72930372423076,0
"ZEC","Donor",767.517896018585,486.44041259533,0.633783805066547,8,0.888888888888889,-0.896704353758937,0
"ETH","Treated",135.982376210634,16.2119114061788,0.119220680340715,9,1,-1.03592346643046,-1.419
