"unit_name","type","pre_mspe","post_mspe","mspe_ratio","rank","fishers_exact_pvalue","z_score","Treatment"
"ETH","Treated",21.3940801380813,107.63780035697,5.03119552989686,1,0.111111111111111,2.52871982411144,0.341
"XRP","Donor",2297.20725231713,4195.43439971593,1.82631949968123,2,0.222222222222222,-0.0182556858042507,0
"LTC","Donor",2992.11893862267,5178.44026236658,1.7306933208846,3,0.333333333333333,-0.0942516161321551,0
"DASH","Donor",220.926832278203,378.498320008607,1.71322929001209,4,0.444444444444444,-0.108130611299932,0
"ZEC","Donor",2393.30492463673,4096.51783512829,1.71165729571634,5,0.555555555555556,-0.10937990485615,0
"XMR","Donor",843.859455823916,1415.04376379993,1.67687137239972,6,0.666666666666667,-0.137024935098168,0
"BSV","Donor",912.290432203132,1240.92458659562,1.36022975007954,7,0.777777777777778,-0.388666012589461,0
"BCH","Donor",449.162085174235,381.097271487154,0.848462691011246,8,0.888888888888889,-0.795376959889601,0
"BTC","Donor",329.286840946554,245.304864067017,0.744957992739321,9,1,-0.877634098441718,0
