"unit_name","type","pre_mspe","post_mspe","mspe_ratio","rank","fishers_exact_pvalue","z_score","Treatment"
"BSV","Donor",79.4888442023337,907.501394026272,11.4167139192046,1,0.111111111111111,2.04772191392738,0
"LTC","Donor",71.3614896943833,570.151291416522,7.98962148713941,2,0.222222222222222,1.20704885953917,0
"ETH","Treated",39.6237213900945,166.611031441516,4.2048304802377,3,0.333333333333333,0.278631584818721,12.54
"BCH","Donor",27.5085166140591,57.371769688418,2.08560027039394,4,0.444444444444444,-0.241220087926359,0
"BTC","Donor",186.198975224769,169.39585212692,0.909757166614021,5,0.555555555555556,-0.529656899343286,0
"XMR","Donor",108.520345069742,88.5636481186706,0.816101792357495,6,0.666666666666667,-0.552630761617744,0
"XRP","Donor",379.137553699197,38.8306813057119,0.102418451896537,7,0.777777777777778,-0.727698801241565,0
"ZEC","Donor",126.442378974355,9.87272740950331,0.0780808419581038,8,0.888888888888889,-0.733668868664322,0
"DASH","Donor",153.699501325686,2.69133176897957,0.017510348086795,9,1,-0.748526939491992,0
