"unit_name","type","pre_mspe","post_mspe","mspe_ratio","rank","fishers_exact_pvalue","z_score","Treatment"
"ETH","Treated",30.5282287945812,1179.45055392683,38.6347521784882,1,0.111111111111111,2.65987053068572,30.055
"DASH","Donor",123.193011916765,319.81690975223,2.59606372777307,2,0.222222222222222,-0.226305732327864,0
"BTC","Donor",829.063092709092,1898.38920988555,2.2898006515792,3,0.333333333333333,-0.250832962888906,0
"BSV","Donor",0.00035472797155212,0.000556123426368987,1.56774619135801,4,0.444444444444444,-0.308659052940531,0
"BCH","Donor",72.9363988914417,114.334314451502,1.56758924472919,5,0.555555555555556,-0.308671622089246,0
"ZEC","Donor",104699.973475476,153532.97812739,1.46640894960067,6,0.666666666666667,-0.316774696275312,0
"LTC","Donor",12074.8592594431,4570.42980517722,0.378507915245715,7,0.777777777777778,-0.403899790912347,0
"XMR","Donor",13926.9775920227,3545.90698335096,0.254607071772847,8,0.888888888888889,-0.413822451496619,0
"XRP","Donor",2287.03380084558,94.4839821377761,0.0413128927534182,9,1,-0.430904221754899,0
