"unit_name","type","pre_mspe","post_mspe","mspe_ratio","rank","fishers_exact_pvalue","z_score","Treatment"
"XRP","Donor",1867.36136366693,11135.544848887,5.96325117652656,1,0.111111111111111,1.93195108607008,0
"LTC","Donor",64.3116622557981,301.163804615376,4.68288011927766,2,0.222222222222222,1.31515625194605,0
"BTC","Donor",244.346775846369,627.669798453486,2.56876644383525,3,0.333333333333333,0.296721489318979,0
"BCH","Donor",120.994255242738,204.242470216265,1.68803444268089,4,0.444444444444444,-0.127554696466537,0
"XMR","Donor",1230.62465783455,1092.30044980492,0.887598377662095,5,0.555555555555556,-0.513149815283872,0
"BSV","Donor",182.460633661513,154.664656193615,0.847660413591119,6,0.666666666666667,-0.532389183266259,0
"ZEC","Donor",1369.02953916999,653.341180947334,0.47722942584821,7,0.777777777777778,-0.710837390405694,0
"ETH","Treated",83.5299511133443,26.89997167691,0.322039835033647,8,0.888888888888889,-0.785597076187656,-3.836
"DASH","Donor",2138.55002485074,294.916416346363,0.137904848107047,9,1,-0.874300665725095,0
