"unit_name","type","pre_mspe","post_mspe","mspe_ratio","rank","fishers_exact_pvalue","z_score","Treatment"
"ZEC","Donor",0.000275516914682587,170102.466934705,617393916.198116,1,0.111111111111111,1.76601217259869,0
"BCH","Donor",0.000275516914682586,169732.280671456,616050309.894763,2,0.222222222222222,1.76105484055619,0
"BSV","Donor",0.0027842821845635,42472.7203135118,15254459.6768917,3,0.333333333333333,-0.455624637543337,0
"BTC","Donor",731.002424048066,181.210269588322,0.247892843617173,4,0.444444444444444,-0.511907062186419,0
"DASH","Donor",765.029157375739,149.019633500387,0.194789482287924,5,0.555555555555556,-0.511907062382348,0
"LTC","Donor",29442.7255398548,5317.96756025427,0.180620763286866,6,0.666666666666667,-0.511907062434624,0
"XMR","Donor",23888.9881482473,3657.36937885167,0.153098547169735,7,0.777777777777778,-0.511907062536169,0
"XRP","Donor",16830.2030087136,460.595046934558,0.0273671711919394,8,0.888888888888889,-0.511907063000064,0
"ETH","Treated",1825.53460009496,14.4084964104241,0.0078927544893833,9,1,-0.511907063071916,3.173
