"unit_name","type","pre_mspe","post_mspe","mspe_ratio","rank","fishers_exact_pvalue","z_score","Treatment"
"ETH","Treated",4.28199610185535,31.5210280692052,7.36129303236577,1,0.111111111111111,2.45965455605939,-4.751
"XMR","Donor",40.5679311737004,126.284898070093,3.11292428320727,2,0.222222222222222,0.613171540506403,0
"LTC","Donor",25.544470658348,30.6728421503189,1.20076248831153,3,0.333333333333333,-0.217917869508598,0
"XRP","Donor",60.0451203284331,69.1650590253872,1.15188476011157,4,0.444444444444444,-0.239161763409742,0
"DASH","Donor",80.740849151356,84.6743819810737,1.04871800174338,5,0.555555555555556,-0.284001483863444,0
"ZEC","Donor",143.779888746528,99.363052452823,0.691077544426203,6,0.666666666666667,-0.439443976994855,0
"BCH","Donor",295.366720085986,97.9928453337204,0.331766711243546,7,0.777777777777778,-0.595612471292199,0
"BSV","Donor",454.938094455673,106.487650178268,0.234070638348452,8,0.888888888888889,-0.63807444903901,0
"BTC","Donor",1212.04186783808,226.425498983202,0.186813265276948,9,1,-0.658614082457947,0
