"unit_name","type","pre_mspe","post_mspe","mspe_ratio","rank","fishers_exact_pvalue","z_score","Treatment"
"ZEC","Donor",131.943601658197,2030.56211364375,15.3896216877873,1,0.111111111111111,2.26887409227132,0
"LTC","Donor",50.963188749696,409.32616541064,8.03180051038469,2,0.222222222222222,0.796918632735683,0
"XRP","Donor",260.258480143009,1336.97727798471,5.13711321625353,3,0.333333333333333,0.217827259962074,0
"BCH","Donor",30.3861259774167,112.113644732385,3.68963272302987,4,0.444444444444444,-0.0717458029326174,0
"XMR","Donor",67.3174007038102,133.887312753141,1.98889605589841,5,0.555555555555556,-0.411983566539199,0
"BTC","Donor",241.129727361915,291.042540080308,1.20699568346244,6,0.666666666666667,-0.568405215594056,0
"ETH","Treated",25.5357491416822,19.4467932049938,0.761551701385204,7,0.777777777777778,-0.657517696792919,-1.373
"DASH","Donor",161.599976732704,33.6330668615204,0.208125443713099,8,0.888888888888889,-0.768232374656075,0
"BSV","Donor",79.2282430279856,1.63689617538092,0.0206605133828693,9,1,-0.805735328454207,0
