"unit_name","type","pre_mspe","post_mspe","mspe_ratio","rank","fishers_exact_pvalue","z_score","Treatment"
"XMR","Donor",93.922865583298,344.873072364204,3.6718755355515,1,0.111111111111111,2.06684037109983,0
"LTC","Donor",720.871979751065,1978.36494392997,2.74440538611744,2,0.222222222222222,1.36873371330648,0
"XRP","Donor",841.533356560758,540.346919300823,0.642098040544885,3,0.333333333333333,-0.213672745346257,0
"ZEC","Donor",234.691627190505,112.138404244173,0.47781169522996,4,0.444444444444444,-0.337331055555885,0
"BTC","Donor",8004.09850228151,2361.51219513761,0.295037872717893,5,0.555555555555556,-0.474904887386348,0
"ETH","Treated",338.680005292653,93.1082727090904,0.274915174365359,6,0.666666666666667,-0.490051239752775,-7.852
"DASH","Donor",248.775531674884,28.5943926848275,0.114940534916418,7,0.777777777777778,-0.610464129532078,0
"BCH","Donor",1762.93477438254,101.884036698183,0.0577922894134682,8,0.888888888888889,-0.653479606300967,0
"BSV","Donor",1657.18167109031,90.9489165663584,0.0548816814432425,9,1,-0.655670420532002,0
