"unit_name","type","pre_mspe","post_mspe","mspe_ratio","rank","fishers_exact_pvalue","z_score","Treatment"
"XRP","Donor",294.891944448127,802.873988805441,2.72260400435141,1,0.111111111111111,2.02313422400902,0
"BSV","Donor",185.592721678787,363.694991350298,1.95964037846139,2,0.222222222222222,1.08792579775613,0
"LTC","Donor",43.8793186474062,51.0243697835144,1.16283414046427,3,0.333333333333333,0.111234534137237,0
"ZEC","Donor",58.8256055456869,65.2686935891291,1.10952863100471,4,0.444444444444444,0.0458949033597795,0
"XMR","Donor",246.997304799578,218.515582070308,0.884688123409358,5,0.555555555555556,-0.22970504679625,0
"DASH","Donor",124.965438542595,98.600381929558,0.789021213220881,6,0.666666666666667,-0.346969484425861,0
"BTC","Donor",687.142969317661,374.870754961302,0.545549866185128,7,0.777777777777778,-0.64540632672403,0
"BCH","Donor",657.278581290794,217.077346403976,0.330266880106863,8,0.888888888888889,-0.909291072703127,0
"ETH","Treated",127.822836985561,18.4890349312106,0.144645787616959,9,1,-1.1368175286129,-3.377
