"unit_name","type","pre_mspe","post_mspe","mspe_ratio","rank","fishers_exact_pvalue","z_score","Treatment"
"BCH","Donor",194.56334449165,19743.2326589244,101.474574825536,1,0.111111111111111,1.84269684987344,0
"BSV","Donor",327.041271037396,25912.5260041293,79.2331986783598,2,0.222222222222222,1.24296137590559,0
"XMR","Donor",45.9192279749771,2611.01938593809,56.8611342368588,3,0.333333333333333,0.639701911083005,0
"DASH","Donor",98.4982540511487,2691.43644602729,27.3247122190579,4,0.444444444444444,-0.156743414104739,0
"BTC","Donor",438.101622501814,6128.48747686646,13.9887349466301,5,0.555555555555556,-0.516346102237847,0
"ZEC","Donor",88.9433430223858,857.552765185075,9.64156210059747,6,0.666666666666667,-0.633566985963003,0
"ETH","Treated",5.28183935237895,24.5165411576468,4.64166732875064,7,0.777777777777778,-0.768388421513596,-3.858
"XRP","Donor",205.806459660098,922.863219415683,4.48413145505659,8,0.888888888888889,-0.772636353442432,0
"LTC","Donor",25.8833229875893,15.2348597197329,0.588597519995322,9,1,-0.877678859600419,0
