"unit_name","type","pre_mspe","post_mspe","mspe_ratio","rank","fishers_exact_pvalue","z_score","Treatment"
"XMR","Donor",7279.5305753101,17157.7540402628,2.35698632799985,1,0.111111111111111,2.37991443366092,0
"ZEC","Donor",0.0048509208505043,0.0044700665320649,0.921488243124023,2,0.222222222222222,0.272277297079263,0
"BCH","Donor",0.0048509208505043,0.0044700665320649,0.921488243124023,3,0.333333333333333,0.272277297079263,0
"LTC","Donor",7181.43572766924,5515.81807532679,0.768066203541304,4,0.444444444444444,0.0470189065585887,0
"DASH","Donor",7187.38156836211,4738.47419344466,0.659276837938143,5,0.555555555555556,-0.112708584147339,0
"XRP","Donor",598.819479267165,247.237895069869,0.412875505273207,6,0.666666666666667,-0.474481689036399,0
"ETH","Treated",1071.27460922913,339.765041950987,0.31715961437327,7,0.777777777777778,-0.615014350380323,13.949
"BSV","Donor",918.570457491143,151.540982415311,0.164974805339603,8,0.888888888888889,-0.838456205526154,0
"BTC","Donor",1867.29149115253,190.578720263517,0.102061580190615,9,1,-0.93082710528782,0
