"unit_name","type","pre_mspe","post_mspe","mspe_ratio","rank","fishers_exact_pvalue","z_score","Treatment"
"LTC","Donor",835.34225820419,1898.86394834807,2.27315681650085,1,0.111111111111111,2.01889695279531,0
"XMR","Donor",68.4718110937024,116.39526450088,1.6999004793607,2,0.222222222222222,1.3099964764349,0
"XRP","Donor",841.947599659535,678.293074007624,0.805623858636703,3,0.333333333333333,0.204115771143663,0
"BTC","Donor",7588.60622447454,2413.5592002325,0.318050394082692,4,0.444444444444444,-0.398827517730143,0
"ZEC","Donor",599.735328980485,151.474098433973,0.252568243214003,5,0.555555555555556,-0.47980408080749,0
"ETH","Treated",354.539484968777,64.4658401647229,0.181829790186557,6,0.666666666666667,-0.567280694320957,-4.908
"DASH","Donor",253.703925820263,29.2593623062092,0.115328772353874,7,0.777777777777778,-0.649517209062731,0
"BCH","Donor",1724.47831116867,107.502806981428,0.0623393209906904,8,0.888888888888889,-0.71504504518023,0
"BSV","Donor",1640.5942410715,92.3372498492268,0.0562828074959717,9,1,-0.722534653272325,0
