"unit_name","type","pre_mspe","post_mspe","mspe_ratio","rank","fishers_exact_pvalue","z_score","Treatment"
"ZEC","Donor",0.00022134448837436,131776.715279885,595346720.615022,1,0.111111111111111,1.76447456019625,0
"BCH","Donor",0.000221344488374361,131586.935874576,594489326.754876,2,0.222222222222222,1.76118688509943,0
"BSV","Donor",0.001223765411273,32874.4704950245,26863376.0949556,3,0.333333333333333,-0.415373723786716,0
"LTC","Donor",11589.1610185021,2360.8854985645,0.203714962178482,4,0.444444444444444,-0.518381286634397,0
"BTC","Donor",576.695219310856,94.0670348269313,0.163113949408737,5,0.555555555555556,-0.518381286790082,0
"DASH","Donor",503.678510162495,76.21841657761,0.151323542775372,6,0.666666666666667,-0.518381286835292,0
"XMR","Donor",24867.493014743,3558.97447256653,0.143117541863048,7,0.777777777777778,-0.518381286866758,0
"XRP","Donor",5396.99814084832,470.75707518156,0.0872257249115087,8,0.888888888888889,-0.518381287081075,0
"ETH","Treated",1376.37076802347,40.9843628315896,0.0297771238562738,9,1,-0.518381287301361,4.501
