"unit_name","type","pre_mspe","post_mspe","mspe_ratio","rank","fishers_exact_pvalue","z_score","Treatment"
"ETH","Treated",7.44886850895379,29.4825851528886,3.95799511260664,1,0.111111111111111,2.30918219766899,-3.905
"XRP","Donor",40.8426267786967,78.4247443498211,1.92016896402773,2,0.222222222222222,0.577673172384245,0
"XMR","Donor",39.6758773475673,68.7882455294138,1.73375486890478,3,0.333333333333333,0.419280029588057,0
"ZEC","Donor",143.817916793349,147.035173051234,1.02237034390164,4,0.444444444444444,-0.185172281689733,0
"LTC","Donor",26.0711421163612,20.265211583051,0.777304327236717,5,0.555555555555556,-0.393401045434773,0
"BCH","Donor",204.188916612943,139.685030312557,0.684097024606586,6,0.666666666666667,-0.472597833560719,0
"DASH","Donor",89.2230111124587,50.5216400754007,0.566240025364333,7,0.777777777777778,-0.572739083599761,0
"BSV","Donor",473.879392522047,139.532692002148,0.294447689019641,8,0.888888888888889,-0.803676783418877,0
"BTC","Donor",1556.53267323718,321.160548766316,0.206330746722063,9,1,-0.878548371937432,0
