"unit_name","type","pre_mspe","post_mspe","mspe_ratio","rank","fishers_exact_pvalue","z_score","Treatment"
"DASH","Donor",135.593347143581,447.409558706413,3.29964240968731,1,0.111111111111111,2.01583802021806,0
"XMR","Donor",154.989308593532,309.2408432723,1.99523983995117,2,0.222222222222222,0.759256783270063,0
"LTC","Donor",102.751945264196,195.233152820127,1.900043374538,3,0.333333333333333,0.667550361466442,0
"ETH","Treated",84.3024654369901,123.53449074621,1.46537221783321,4,0.444444444444444,0.248814894034629,-5.089
"XRP","Donor",3227.28221084529,2119.66506399278,0.656795695421256,5,0.555555555555556,-0.530118013852119,0
"ZEC","Donor",1370.54342774846,848.816038406834,0.619328086379046,6,0.666666666666667,-0.566212004777995,0
"BCH","Donor",32.5018490722005,11.4059186440766,0.350931376819184,7,0.777777777777778,-0.82476889290167,0
"BSV","Donor",28.8691815482394,9.56349438120545,0.331270021120107,8,0.888888888888889,-0.843709434140728,0
"BTC","Donor",1384.30079248705,339.390731672917,0.245171232664805,9,1,-0.926651713316682,0
