"unit_name","type","pre_mspe","post_mspe","mspe_ratio","rank","fishers_exact_pvalue","z_score","Treatment"
"XRP","Donor",662.990861332801,1414.57686339195,2.13362950516128,1,0.111111111111111,2.16348614878201,0
"ETH","Treated",41.5114202133072,58.3108309591399,1.40469371222446,2,0.222222222222222,0.999539708089437,5.794
"XMR","Donor",453.042998121822,350.585029487578,0.773844935118735,3,0.333333333333333,-0.00778383925503351,0
"LTC","Donor",77.923668007368,59.1771305437615,0.759424345093278,4,0.444444444444444,-0.0308102766936347,0
"ZEC","Donor",446.710461362344,254.897555012449,0.570610220846588,5,0.555555555555556,-0.332303947328175,0
"BTC","Donor",28.7750074454236,12.8051032987529,0.445007818783013,6,0.666666666666667,-0.532862721147378,0
"BSV","Donor",62.6134167433461,26.9603561595693,0.430584330992197,7,0.777777777777778,-0.555893785665221,0
"BCH","Donor",642.346858034938,273.179696439977,0.425283774681619,8,0.888888888888889,-0.564357581394788,0
"DASH","Donor",273.609001972214,17.8935635711618,0.0653982999177012,9,1,-1.13901370538722,0
