"unit_name","type","pre_mspe","post_mspe","mspe_ratio","rank","fishers_exact_pvalue","z_score","Treatment"
"BCH","Donor",196.562167643582,16922.8591872722,86.0941827725347,1,0.111111111111111,1.93395111246991,0
"BSV","Donor",312.298630913934,21188.7155750021,67.8476095556162,2,0.222222222222222,1.34426448138336,0
"XMR","Donor",94.8456227183453,3077.86823874289,32.4513472580908,3,0.333333333333333,0.200339952698157,0
"DASH","Donor",88.8043312748329,1842.88289273741,20.7521735289468,4,0.444444444444444,-0.177750018543044,0
"ZEC","Donor",82.4328962303822,1420.56148727556,17.2329440337192,5,0.555555555555556,-0.291483296588753,0
"BTC","Donor",376.131379794017,2755.78367909432,7.32665187521308,6,0.666666666666667,-0.61163152278238,0
"ETH","Treated",14.7059359603396,50.246740420826,3.41676589346888,7,0.777777777777778,-0.73798990608525,-6.212
"XRP","Donor",52.8652595428973,39.818087993725,0.753199517755414,8,0.888888888888889,-0.824070150528822,0
"LTC","Donor",24.6688052502872,9.75613959656512,0.395484884556844,9,1,-0.835630652023187,0
