"unit_name","type","pre_mspe","post_mspe","mspe_ratio","rank","fishers_exact_pvalue","z_score","Treatment"
"XRP","Donor",358.052261527643,1349.66402206453,3.7694609616656,1,0.111111111111111,2.23956626248669,0
"LTC","Donor",52.1438545717314,117.728819136974,2.25776978138472,2,0.222222222222222,0.976129083855127,0
"BSV","Donor",280.287934317104,335.381465935063,1.19656048253447,3,0.333333333333333,0.0891944374362671,0
"XMR","Donor",272.534882900609,220.848381786377,0.810349043894388,4,0.444444444444444,-0.233592317395491,0
"DASH","Donor",155.815909485546,85.9652129610173,0.551710112560693,5,0.555555555555556,-0.449756866048747,0
"ZEC","Donor",115.108011851167,60.9367193433173,0.52938729775046,6,0.666666666666667,-0.46841376802109,0
"BTC","Donor",817.603618486199,214.536980827565,0.2623972986137,7,0.777777777777778,-0.691557949605528,0
"ETH","Treated",115.192974804089,27.8348532835745,0.24163672594543,8,0.888888888888889,-0.708909165052787,-2.961
"BCH","Donor",665.310986782841,125.936440355101,0.189289584655855,9,1,-0.752659717654436,0
