"unit_name","type","pre_mspe","post_mspe","mspe_ratio","rank","fishers_exact_pvalue","z_score","Treatment"
"BTC","Donor",3263.2767959521,5215.50494196291,1.59824166568783,1,0.111111111111111,0.893737310187592,0
"BSV","Donor",3145.24361425216,4945.71640749545,1.5724430327383,2,0.222222222222222,0.847617141625245,0
"XMR","Donor",9732.68698058039,14623.8497127813,1.50255009145575,3,0.333333333333333,0.722669659346758,0
"BCH","Donor",0.239926391626494,0.30093491973692,1.25428018858968,4,0.444444444444444,0.278838011695315,0
"ZEC","Donor",0.239926391626492,0.300934919736917,1.25428018858968,5,0.555555555555556,0.278838011695314,0
"DASH","Donor",1888.16839576343,2332.41006149576,1.23527650750277,6,0.666666666666667,0.244865166050818,0
"XRP","Donor",3218.07700100068,3682.84447296901,1.14442397488432,7,0.777777777777778,0.0824482609815616,0
"ETH","Treated",62663.8626546132,19075.6605639784,0.304412459683797,8,0.888888888888889,-1.41923877612477,104.439
"LTC","Donor",12259.412719313,230.839442961475,0.0188295677979598,9,1,-1.92977478545784,0
