"unit_name","type","pre_mspe","post_mspe","mspe_ratio","rank","fishers_exact_pvalue","z_score","Treatment"
"BCH","Donor",194.56334449165,8928.40133213153,45.8894318221113,1,0.111111111111111,1.87424731389024,0
"BSV","Donor",327.041271037396,11686.4804002894,35.7339621486276,2,0.222222222222222,1.24061419359083,0
"XMR","Donor",45.9192279749771,1114.25137341314,24.2654640017104,3,0.333333333333333,0.525056912675191,0
"DASH","Donor",98.4982540511487,1357.15700151737,13.77848789901,4,0.444444444444444,-0.129259982958838,0
"ZEC","Donor",88.9433430223858,754.14199441317,8.47890318473146,5,0.555555555555556,-0.459918485890243,0
"BTC","Donor",438.101622501814,3068.6899316885,7.00451624480298,6,0.666666666666667,-0.551910331399355,0
"ETH","Treated",5.28183935237895,29.8188825295963,5.64554893479784,7,0.777777777777778,-0.636700766968454,-3.938
"XRP","Donor",205.806459660098,237.610489976855,1.15453368358448,8,0.888888888888889,-0.916909964418837,0
"LTC","Donor",25.8833229875893,18.1394522496598,0.700816207345458,9,1,-0.945218888520531,0
