"unit_name","type","pre_mspe","post_mspe","mspe_ratio","rank","fishers_exact_pvalue","z_score","Treatment"
"ETH","Treated",45.9620592594232,304.143845861863,6.61728066066812,1,0.111111111111111,2.52616497725544,17.201
"XMR","Donor",60.6575022384296,131.640259727092,2.17022222922479,2,0.222222222222222,0.488117724283137,0
"BCH","Donor",325.137982498325,234.843134665204,0.722287604975263,3,0.333333333333333,-0.175457811979263,0
"ZEC","Donor",119.843903509219,21.079399685825,0.175890463082284,4,0.444444444444444,-0.425866753357954,0
"BSV","Donor",2952.56608655571,380.747950165793,0.128954929035966,5,0.555555555555556,-0.447376890385508,0
"XRP","Donor",100.075933863633,11.8747893715605,0.118657792269433,6,0.666666666666667,-0.452095976411482,0
"BTC","Donor",404.486400058381,2.43108659573804,0.00601030490861288,7,0.777777777777778,-0.503721316107196,0
"LTC","Donor",2926.18412895355,10.8244594138452,0.0036991723476117,8,0.888888888888889,-0.504780487566222,0
"DASH","Donor",199.746405042684,0.650428241442794,0.00325627007556809,9,1,-0.504983465730955,0
