"unit_name","type","pre_mspe","post_mspe","mspe_ratio","rank","fishers_exact_pvalue","z_score","Treatment"
"ETH","Treated",30.5282287945812,579.586744592177,18.9852725650122,1,0.111111111111111,2.62024712874843,21.148
"DASH","Donor",123.193011916765,427.54118540052,3.47049868128386,2,0.222222222222222,0.0174434939889879,0
"BCH","Donor",72.9363988914417,158.475844115947,2.17279501764027,3,0.333333333333333,-0.200263050617159,0
"ZEC","Donor",104699.973475476,215631.53752495,2.0595185496915,4,0.444444444444444,-0.219266640661032,0
"BSV","Donor",0.00035472797155212,0.000686041837483431,1.93399419414725,5,0.555555555555556,-0.240324971985091,0
"BTC","Donor",829.063092709092,720.894186129109,0.869528739692748,6,0.666666666666667,-0.418902795593323,0
"LTC","Donor",12074.8592594431,5626.95363965395,0.466005732965659,7,0.777777777777778,-0.486598989974851,0
"XMR","Donor",13926.9775920227,4089.59557229061,0.293645591462221,8,0.888888888888889,-0.515514629104037,0
"XRP","Donor",2287.03380084558,108.48667413361,0.0474355359739324,9,1,-0.556819544801928,0
