"unit_name","type","pre_mspe","post_mspe","mspe_ratio","rank","fishers_exact_pvalue","z_score","Treatment"
"XMR","Donor",68.4718110937024,182.159250788306,2.66035391613965,1,0.111111111111111,2.13713928856904,0
"LTC","Donor",835.34225820419,1520.35028359641,1.82003276940022,2,0.222222222222222,1.23482508852064,0
"XRP","Donor",841.947599659535,542.306937445331,0.644110081986846,3,0.333333333333333,-0.027849001176126,0
"BTC","Donor",7588.60622447454,2292.61791100672,0.302113173775263,4,0.444444444444444,-0.395076064126199,0
"ZEC","Donor",599.735328980485,102.85462958518,0.171500034456911,5,0.555555555555556,-0.5353249329987,0
"ETH","Treated",354.539484968777,55.398838013063,0.156255763777458,6,0.666666666666667,-0.551693820009129,-4.834
"DASH","Donor",253.703925820263,36.0323171619985,0.142025067391057,7,0.777777777777778,-0.566974358260309,0
"BCH","Donor",1724.47831116867,119.305500335069,0.0691835319484048,8,0.888888888888889,-0.645189635881561,0
"BSV","Donor",1640.5942410715,106.371606221071,0.0648372422370558,9,1,-0.649856564637657,0
