"unit_name","type","pre_mspe","post_mspe","mspe_ratio","rank","fishers_exact_pvalue","z_score","Treatment"
"BCH","Donor",28.0547091859424,900.829695523455,32.1097499016258,1,0.111111111111111,2.12325575811931,0
"LTC","Donor",52.7475072060735,985.566257080938,18.6846034871475,2,0.222222222222222,0.913798916694119,0
"BSV","Donor",89.8954060119049,1180.80164332789,13.1352835001548,3,0.333333333333333,0.413866713624234,0
"ETH","Treated",21.824389404483,193.101916688658,8.84798713539235,4,0.444444444444444,0.0276288463047987,13.231
"XMR","Donor",76.6090523246898,253.393031156007,3.30761213547009,5,0.555555555555556,-0.471497512607054,0
"BTC","Donor",215.664644852644,130.075171918489,0.603136281365752,6,0.666666666666667,-0.715140801345283,0
"ZEC","Donor",136.904492794327,13.4743710859486,0.0984216866147064,7,0.777777777777778,-0.760609990339041,0
"XRP","Donor",447.449920759454,22.3091564286123,0.0498584431320205,8,0.888888888888889,-0.764985000134733,0
"DASH","Donor",163.998859706654,5.75206728460349,0.0350738248722721,9,1,-0.766316930316353,0
