"unit_name","type","pre_mspe","post_mspe","mspe_ratio","rank","fishers_exact_pvalue","z_score","Treatment"
"DASH","Donor",135.593347143581,320.480306825937,2.36354005249666,1,0.111111111111111,1.82168877604952,0
"ETH","Treated",84.3024654369901,144.842850707517,1.718133033912,2,0.222222222222222,0.913184874231248,-7.837
"XMR","Donor",154.989308593532,231.483649066881,1.49354591724749,3,0.333333333333333,0.59704596357102,0
"LTC","Donor",102.751945264196,140.693814288618,1.36925694133445,4,0.444444444444444,0.422091219791479,0
"BCH","Donor",32.5018490722005,26.6444210903595,0.819781700147918,5,0.555555555555556,-0.351374804276893,0
"XRP","Donor",3227.28221084529,2302.54815883581,0.713463530117724,6,0.666666666666667,-0.501033034703992,0
"ZEC","Donor",1370.54342774846,748.365413186926,0.546035534544385,7,0.777777777777778,-0.736712199745544,0
"BSV","Donor",28.8691815482394,11.9894615026674,0.415303131563789,8,0.888888888888889,-0.92073700081202,0
"BTC","Donor",1384.30079248705,256.851142942625,0.185545760239842,9,1,-1.24415379410482,0
