"unit_name","type","pre_mspe","post_mspe","mspe_ratio","rank","fishers_exact_pvalue","z_score","Treatment"
"ZEC","Donor",93.3362432197526,1476.19320469763,15.8158626678605,1,0.111111111111111,2.16242150767815,0
"XRP","Donor",229.08756265088,2223.70523680681,9.70679163493326,2,0.222222222222222,0.970046896491453,0
"LTC","Donor",87.8115710590713,483.605028280445,5.50730413370148,3,0.333333333333333,0.15038671420261,0
"BCH","Donor",33.8882828439055,171.925785789657,5.07331063605593,4,0.444444444444444,0.0656794280663896,0
"XMR","Donor",77.1863534248842,175.508307158248,2.27382560997713,5,0.555555555555556,-0.480726867015472,0
"DASH","Donor",133.084845275392,231.681055921755,1.74085227692407,6,0.666666666666667,-0.584753136696528,0
"BTC","Donor",249.896317646049,421.571492108615,1.68698561099137,7,0.777777777777778,-0.59526688657785,0
"ETH","Treated",32.7278532665338,21.316155813856,0.651315429712376,8,0.888888888888889,-0.797410031266164,-2.228
"BSV","Donor",85.9549865138544,15.0421797432844,0.175000664340281,9,1,-0.890377624882586,0
