"unit_name","type","pre_mspe","post_mspe","mspe_ratio","rank","fishers_exact_pvalue","z_score","Treatment"
"ETH","Treated",58.5179043165137,128.241453726903,2.19149088171829,1,0.111111111111111,1.70435706467702,-7.227
"XRP","Donor",286.313989459403,609.999725127835,2.13052714007999,2,0.222222222222222,1.63131726467489,0
"DASH","Donor",189.295251024807,182.34477070654,0.963282331275413,3,0.333333333333333,0.2328577033436,0
"ZEC","Donor",272.543531176405,155.203413045972,0.569462839114372,4,0.444444444444444,-0.238971882101529,0
"BSV","Donor",282.404450022249,94.5786724494941,0.33490503581669,5,0.555555555555556,-0.519992281791673,0
"LTC","Donor",149.417251191622,49.6312303680348,0.332165328783788,6,0.666666666666667,-0.523274686190912,0
"XMR","Donor",164.002040958981,38.3422849570045,0.23379151096415,7,0.777777777777778,-0.641134971434269,0
"BCH","Donor",118.360802782956,18.0431840152642,0.152442224038906,8,0.888888888888889,-0.738598406053953,0
"BTC","Donor",2498.27370367114,30.6057911440947,0.0122507758453849,9,1,-0.906559805123181,0
