"unit_name","type","pre_mspe","post_mspe","mspe_ratio","rank","fishers_exact_pvalue","z_score","Treatment"
"XRP","Donor",1449.28630626561,1727.2617951557,1.19180163897798,1,0.111111111111111,1.94970612429525,0
"XMR","Donor",2963.80647644168,2731.55683599885,0.921638054883507,2,0.222222222222222,1.28469858117315,0
"BCH","Donor",0.000503021874779368,0.00021010882906798,0.417693224892331,3,0.333333333333333,0.044238604360268,0
"ZEC","Donor",0.000503021874779363,0.000210108829067978,0.417693224892331,4,0.444444444444444,0.0442386043602677,0
"BSV","Donor",22.073556894291,7.23738510494058,0.327875799065824,5,0.555555555555556,-0.176846949707411,0
"ETH","Treated",90491.2910350297,9654.95885972342,0.106694895710858,6,0.666666666666667,-0.721283645787728,102.797
"DASH","Donor",4108.5360516903,425.058955591452,0.103457521181195,7,0.777777777777778,-0.729252441765,0
"BTC","Donor",9766.74792732062,971.185789057524,0.0994379906479225,8,0.888888888888889,-0.739146514400271,0
"LTC","Donor",12391.1346986494,138.740069037245,0.0111967202690781,9,1,-0.956352362528521,0
