"unit_name","type","pre_mspe","post_mspe","mspe_ratio","rank","fishers_exact_pvalue","z_score","Treatment"
"XRP","Donor",319.42195142212,1070.82346199446,3.35237906232485,1,0.111111111111111,2.4204231570686,0
"BSV","Donor",224.295978807257,341.79857363105,1.52387294435076,2,0.222222222222222,0.516817167002805,0
"LTC","Donor",78.8148657948734,87.6058765101262,1.11154000741602,3,0.333333333333333,0.0875490114660604,0
"ZEC","Donor",68.0199887957061,55.0621007083423,0.809498820614598,4,0.444444444444444,-0.226897523215929,0
"XMR","Donor",273.843909112191,211.577511317597,0.772620840841547,5,0.555555555555556,-0.265290144661071,0
"DASH","Donor",137.614702720644,95.3098192325061,0.692584566534173,6,0.666666666666667,-0.348613645576053,0
"BTC","Donor",727.867972460389,336.315977058463,0.462056292876337,7,0.777777777777778,-0.588610109520509,0
"BCH","Donor",666.291917259748,203.786820343289,0.305852157386811,8,0.888888888888889,-0.751229815885157,0
"ETH","Treated",127.91209353889,27.7057121907915,0.216599630451423,9,1,-0.844148096678746,-3.482
