"unit_name","type","pre_mspe","post_mspe","mspe_ratio","rank","fishers_exact_pvalue","z_score","Treatment"
"XRP","Donor",599.056005642497,912.953974707815,1.52398768413757,1,0.111111111111111,1.45570511545298,0
"ETH","Treated",36.4408084588409,48.8500498732424,1.34053145194123,2,0.222222222222222,1.0562875890752,4.713
"BTC","Donor",32.6046522844349,41.4702372782466,1.27191165593396,3,0.333333333333333,0.906889834342956,0
"XMR","Donor",397.738765529162,372.415852328584,0.936332800835023,4,0.444444444444444,0.176273738047814,0
"BSV","Donor",265.72450969792,186.006864223623,0.699998898991588,5,0.555555555555556,-0.338268075786496,0
"LTC","Donor",71.4599598804989,48.7753735019103,0.682555288072879,6,0.666666666666667,-0.37624598387299,0
"ZEC","Donor",400.369925435397,264.880814844405,0.661590189513736,7,0.777777777777778,-0.421890809925,0
"BCH","Donor",623.628073378758,317.906504007618,0.509769392332244,8,0.888888888888889,-0.752432250447092,0
"DASH","Donor",367.490589836431,26.3270813559215,0.071640151024383,9,1,-1.70631915688738,0
