"unit_name","type","pre_mspe","post_mspe","mspe_ratio","rank","fishers_exact_pvalue","z_score","Treatment"
"DASH","Donor",96.2857305847411,378.025498388389,3.9260801791984,1,0.111111111111111,2.18064110974016,0
"ETH","Treated",66.0015580584081,126.526495903689,1.91702286469843,2,0.222222222222222,0.481266317962865,-4.902
"LTC","Donor",84.2864227203986,159.581559589589,1.89332462381236,3,0.333333333333333,0.461220999752883,0
"XMR","Donor",136.411612665304,250.000902004631,1.83269515783841,4,0.444444444444444,0.409937153656781,0
"BCH","Donor",26.485291605687,19.3810313720524,0.731765829147632,5,0.555555555555556,-0.521291405729065,0
"XRP","Donor",3207.57503220713,2160.82351969008,0.67366265730134,6,0.666666666666667,-0.570438368757578,0
"ZEC","Donor",1363.75219036552,785.310907560326,0.575845753435486,7,0.777777777777778,-0.653177462082403,0
"BSV","Donor",26.6621593454722,9.97454337108233,0.374108609953088,8,0.888888888888889,-0.823818196781638,0
"BTC","Donor",1392.86255605421,289.686012255435,0.207978892817735,9,1,-0.964340147762004,0
