"unit_name","type","pre_mspe","post_mspe","mspe_ratio","rank","fishers_exact_pvalue","z_score","Treatment"
"ZEC","Donor",824.929070071151,1115.17176934318,1.35183958209522,1,0.111111111111111,2.20005640715655,0
"XRP","Donor",9771.90203822951,6631.87332748731,0.678667602432175,2,0.222222222222222,0.543726881173918,0
"DASH","Donor",1510.72701677773,838.101202436721,0.554766806397844,3,0.333333333333333,0.238870837006515,0
"ETH","Treated",379.837034796576,200.906386893547,0.528927851917186,4,0.444444444444444,0.175294478334759,-10.825
"BSV","Donor",16349.9313169893,8179.22915292404,0.500260765280705,5,0.555555555555556,0.104759543051691,0
"BCH","Donor",15470.1859974925,2869.53345953892,0.185487974094431,6,0.666666666666667,-0.669734172920803,0
"LTC","Donor",3260.14881777142,499.153525269228,0.153107588999707,7,0.777777777777778,-0.749405623182183,0
"XMR","Donor",3110.74130534975,469.569140044141,0.150950880819498,8,0.888888888888889,-0.754712171205165,0
"BTC","Donor",7189.27927756978,108.894251174394,0.0151467549068706,9,1,-1.08885617941528,0
