"unit_name","type","pre_mspe","post_mspe","mspe_ratio","rank","fishers_exact_pvalue","z_score","Treatment"
"XMR","Donor",943.108047764464,1638.25535292741,1.7370812992326,1,0.111111111111111,2.37963931979452,0
"LTC","Donor",866.662574386889,872.91593915448,1.00721545495606,2,0.222222222222222,0.447959262635262,0
"XRP","Donor",217.750140257087,189.399872801375,0.869803677636026,3,0.333333333333333,0.0842820307858635,0
"ZEC","Donor",0.000634233281783174,0.000507389386172427,0.800004352887128,4,0.444444444444444,-0.100450498730266,0
"BCH","Donor",0.000634233281783155,0.000507389386172412,0.800004352887127,5,0.555555555555556,-0.100450498730269,0
"ETH","Treated",3894.7141202194,2525.1975613771,0.648365318591048,6,0.666666666666667,-0.501781922489346,49.712
"BTC","Donor",81.4426563230172,51.7931041852275,0.635945664392454,7,0.777777777777778,-0.534652070504038,0
"BSV","Donor",37.5440331264928,23.7149386086525,0.631656661093189,8,0.888888888888889,-0.546003447203264,0
"DASH","Donor",1033.22420867459,425.223704903237,0.411550272760944,9,1,-1.12854217555846,0
